date,pm25,pm10,o3,no2,so2,co
2021/11/1,44,21,17,9,2,3
2021/11/2,55,18,15,9,2,3
2021/11/3,55,19,21,6,2,4
2021/11/4,47,33,32,5,2,5
2021/11/5,79,15,22,5,3,4
2021/11/6,45,16,19,4,2,2
2021/11/7,39,36,18,4,5,2
2021/11/8,71,34,22,5,2,2
2021/11/9,80,36,29,7,3,3
2021/11/10,85,51,13,11,2,4
2021/11/11,109,50,27,8,3,4
2021/11/12,108,57,19,10,3,4
2021/11/13,127,82,16,13,3,7
2021/11/14,166,78,10,12,2,8
2021/11/15,169,49,20,7,2,6
2021/11/16,123,54,32,10,2,5
2021/11/17,126,42,13,7,2,5
2021/11/18,105,50,14,9,2,6
2021/11/19,124,53,10,10,2,6
2021/11/20,134,29,17,5,2,2
2021/11/21,69,19,21,5,2,2
2021/11/22,40,30,24,6,2,3
2021/11/23,62,40,24,8,3,3
2021/11/24,79,53,21,12,3,5
2021/11/25,117,52,16,9,2,4
2021/11/26,124,62,19,12,2,6
2021/11/27,152,45,11,10,2,6
2021/11/28,115,30,17,6,2,5
2021/11/29,84,19,11,4,3,3
2021/11/30,61,,,,,
2021/10/1,90,38,42,5,4,6
2021/10/2,88,38,53,5,4,5
2021/10/3,91,23,21,4,4,5
2021/10/4,58,9,22,5,,3
2021/10/5,21,12,18,7,4,2
2021/10/6,31,20,25,7,4,3
2021/10/7,49,21,14,12,4,4
2021/10/8,50,11,13,10,,4
2021/10/9,30,5,18,5,3,2
2021/10/10,13,13,25,5,3,1
2021/10/11,34,37,15,12,4,3
2021/10/12,87,31,15,10,4,4
2021/10/13,82,19,16,8,,3
2021/10/14,50,17,18,9,,1
2021/10/15,34,18,15,7,,1
2021/10/16,39,13,22,7,3,1
2021/10/17,35,16,15,9,3,2
2021/10/18,49,16,18,9,3,3
2021/10/19,48,6,17,7,,2
2021/10/20,28,6,12,6,3,2
2021/10/21,14,14,17,10,4,2
2021/10/22,37,20,24,7,4,2
2021/10/23,58,21,19,9,4,4
2021/10/24,63,32,45,9,7,3
2021/10/25,83,10,28,5,9,3
2021/10/26,34,13,19,8,5,2
2021/10/27,41,15,19,8,6,3
2021/10/28,46,16,25,7,5,4
2021/10/29,43,35,17,14,5,5
2021/10/30,80,14,16,6,6,3
2021/10/31,41,16,13,9,3,3
2021/9/1,40,19,34,1,3,3
2021/9/2,42,25,32,4,,5
2021/9/3,57,14,26,1,,3
2021/9/4,28,24,33,2,3,3
2021/9/5,48,8,25,2,3,3
2021/9/6,12,12,36,4,3,3
2021/9/7,27,22,34,5,3,4
2021/9/8,55,21,38,3,3,3
2021/9/9,49,31,46,6,3,3
2021/9/10,67,27,25,12,3,5
2021/9/11,67,24,27,3,3,4
2021/9/12,61,23,29,5,3,4
2021/9/13,56,19,28,5,3,4
2021/9/14,45,14,25,4,3,4
2021/9/15,35,9,21,3,3,3
2021/9/16,18,12,15,6,3,3
2021/9/17,24,11,17,5,,3
2021/9/18,21,10,39,4,3,3
2021/9/19,17,17,50,5,3,4
2021/9/20,43,26,53,5,4,4
2021/9/21,63,33,51,4,4,4
2021/9/22,82,25,28,4,3,5
2021/9/23,68,24,31,5,3,4
2021/9/24,60,26,36,5,4,4
2021/9/25,62,11,23,4,3,4
2021/9/26,26,11,22,4,3,4
2021/9/27,27,19,33,5,3,4
2021/9/28,44,23,43,5,4,4
2021/9/29,56,33,43,9,4,5
2021/9/30,73,41,42,7,4,6
2021/8/1,54,23,90,4,4,2
2021/8/2,59,31,95,4,4,3
2021/8/3,71,34,96,4,4,3
2021/8/4,84,17,42,3,3,3
2021/8/5,48,19,57,1,4,2
2021/8/6,51,20,29,3,3,3
2021/8/7,54,20,19,4,3,2
2021/8/8,55,20,47,3,4,2
2021/8/9,47,23,37,3,4,2
2021/8/10,52,16,24,2,4,2
2021/8/11,43,14,19,1,3,2
2021/8/12,36,8,30,2,3,4
2021/8/13,18,27,31,4,4,4
2021/8/14,70,26,40,4,4,4
2021/8/15,58,13,25,4,4,4
2021/8/16,31,17,18,4,4,4
2021/8/17,37,8,22,4,4,4
2021/8/18,17,17,33,2,4,3
2021/8/19,36,14,30,2,4,3
2021/8/20,34,22,41,2,4,3
2021/8/21,51,12,31,2,4,3
2021/8/22,29,12,38,3,4,2
2021/8/23,24,22,44,3,4,3
2021/8/24,52,18,32,3,4,
2021/8/25,46,9,27,2,4,3
2021/8/26,23,11,33,2,4,3
2021/8/27,26,12,28,5,4,3
2021/8/28,31,12,27,4,4,3
2021/8/29,23,21,27,3,4,4
2021/8/30,53,15,9,3,2,3
2021/8/31,39,19,26,3,3,3
2021/7/1,56,22,43,7,4,1
2021/7/2,53,13,43,4,3,1
2021/7/3,30,15,37,6,4,1
2021/7/4,43,28,44,8,3,1
2021/7/5,69,31,39,9,3,2
2021/7/6,77,37,47,8,2,3
2021/7/7,85,8,23,1,2,1
2021/7/8,22,11,10,2,2,
2021/7/9,22,14,25,3,2,2
2021/7/10,29,17,36,3,2,2
2021/7/11,36,15,41,2,2,2
2021/7/12,40,21,56,2,3,3
2021/7/13,63,23,42,4,,3
2021/7/14,60,11,34,3,,2
2021/7/15,24,10,29,2,3,1
2021/7/16,24,16,41,6,3,2
2021/7/17,40,14,34,3,4,1
2021/7/18,29,22,57,4,3,2
2021/7/19,48,25,49,3,3,2
2021/7/20,63,23,59,3,3,2
2021/7/21,62,23,52,3,3,3
2021/7/22,57,28,54,3,3,3
2021/7/23,74,10,40,2,3,2
2021/7/24,26,18,49,3,3,3
2021/7/25,49,31,39,4,3,3
2021/7/26,70,16,23,1,3,1
2021/7/27,38,16,45,2,3,1
2021/7/28,35,20,64,3,4,2
2021/7/29,49,17,33,3,3,2
2021/7/30,46,13,62,3,4,2
2021/7/31,34,19,79,3,4,1
2021/6/1,74,27,48,5,3,2
2021/6/2,67,17,30,4,2,3
2021/6/3,36,30,41,8,3,3
2021/6/4,62,33,51,8,2,3
2021/6/5,67,32,33,9,3,3
2021/6/6,75,26,12,8,2,3
2021/6/7,66,17,45,6,3,2
2021/6/8,47,29,35,7,2,3
2021/6/9,76,28,55,6,3,3
2021/6/10,71,36,45,10,3,4
2021/6/11,82,33,43,10,3,4
2021/6/12,81,48,48,13,3,5
2021/6/13,116,39,48,9,3,5
2021/6/14,99,18,36,4,3,4
2021/6/15,50,12,31,5,3,3
2021/6/16,28,8,18,5,,2
2021/6/17,13,22,15,7,3,3
2021/6/18,46,12,22,4,3,2
2021/6/19,24,18,59,7,4,3
2021/6/20,41,26,38,7,4,3
2021/6/21,63,19,47,7,4,4
2021/6/22,48,36,76,9,4,4
2021/6/23,81,48,47,11,3,5
2021/6/24,108,10,31,3,3,3
2021/6/25,31,21,34,6,3,4
2021/6/26,51,18,27,5,3,4
2021/6/27,46,27,60,6,3,3
2021/6/28,64,16,35,2,3,1
2021/6/29,40,19,22,6,3,1
2021/6/30,49,20,23,8,4,1
2021/5/1,83,44,76,5,5,2
2021/5/2,94,25,40,5,4,3
2021/5/3,66,27,29,4,4,2
2021/5/4,59,51,27,7,4,3
2021/5/5,89,46,36,7,4,2
2021/5/6,87,39,31,9,4,3
2021/5/7,83,38,52,11,4,4
2021/5/8,86,42,44,7,4,3
2021/5/9,89,35,47,6,3,3
2021/5/10,84,15,36,5,3,2
2021/5/11,39,16,35,4,2,2
2021/5/12,47,27,24,9,3,3
2021/5/13,64,38,33,8,3,3
2021/5/14,81,26,16,10,3,3
2021/5/15,66,10,35,8,3,2
2021/5/16,20,18,34,8,3,2
2021/5/17,43,27,35,7,3,3
2021/5/18,65,21,31,7,3,3
2021/5/19,52,19,28,7,3,2
2021/5/20,46,29,31,8,3,2
2021/5/21,66,27,28,10,3,3
2021/5/22,68,12,21,5,3,2
2021/5/23,32,17,44,5,4,2
2021/5/24,33,33,30,6,3,3
2021/5/25,70,19,41,2,3,2
2021/5/26,45,20,44,5,4,3
2021/5/27,46,41,65,6,5,3
2021/5/28,83,22,28,7,3,2
2021/5/29,60,25,34,9,4,3
2021/5/30,52,24,56,6,3,3
2021/5/31,61,31,31,5,2,2
2021/4/1,27,19,15,12,4,3
2021/4/2,48,18,36,8,4,2
2021/4/3,45,20,22,9,4,4
2021/4/4,56,19,30,8,2,5
2021/4/5,53,23,19,13,2,5
2021/4/6,62,18,32,9,3,4
2021/4/7,48,29,34,10,3,4
2021/4/8,72,17,25,11,3,5
2021/4/9,51,13,20,11,3,4
2021/4/10,46,10,22,11,2,4
2021/4/11,35,21,28,11,3,4
2021/4/12,50,27,33,10,3,4
2021/4/13,62,11,28,8,3,3
2021/4/14,28,15,15,11,3,3
2021/4/15,39,24,37,8,3,3
2021/4/16,47,34,23,10,3,3
2021/4/17,68,18,17,9,3,4
2021/4/18,47,19,19,11,3,4
2021/4/19,50,15,27,10,3,3
2021/4/20,39,25,40,9,3,2
2021/4/21,56,41,37,11,4,4
2021/4/22,90,31,30,8,3,4
2021/4/23,80,14,18,9,3,3
2021/4/24,35,12,28,7,3,3
2021/4/25,25,23,37,11,3,3
2021/4/26,52,29,43,6,3,2
2021/4/27,68,24,25,5,3,1
2021/4/28,50,29,38,8,4,2
2021/4/29,54,35,62,8,4,2
2021/4/30,73,38,66,6,5,2
2021/3/1,39,35,27,8,3,4
2021/3/2,72,53,32,10,3,4
2021/3/3,117,56,23,13,3,6
2021/3/4,133,32,34,10,3,5
2021/3/5,81,14,26,6,3,3
2021/3/6,36,14,7,9,3,3
2021/3/7,42,25,15,10,3,5
2021/3/8,68,29,9,13,3,6
2021/3/9,78,25,24,13,3,6
2021/3/10,69,42,29,13,3,6
2021/3/11,95,32,27,9,3,7
2021/3/12,85,30,43,8,4,8
2021/3/13,83,52,28,17,4,8
2021/3/14,123,21,50,8,5,5
2021/3/15,58,41,60,8,4,4
2021/3/16,97,53,40,13,4,5
2021/3/17,128,22,33,7,4,4
2021/3/18,63,10,18,9,,4
2021/3/19,29,67,14,10,4,2
2021/3/20,95,76,23,4,3,1
2021/3/21,95,65,31,7,3,1
2021/3/22,90,64,38,9,4,2
2021/3/23,99,63,27,22,4,3
2021/3/24,120,55,37,9,4,3
2021/3/25,114,35,22,8,4,3
2021/3/26,72,46,41,9,4,3
2021/3/27,71,72,59,10,5,2
2021/3/28,102,72,68,10,5,3
2021/3/29,118,71,49,7,5,3
2021/3/30,118,,,,,
2021/2/1,93,66,27,14,3,5
2021/2/2,149,75,31,11,2,6
2021/2/3,162,68,24,9,2,6
2021/2/4,160,40,37,7,2,5
2021/2/5,106,50,42,9,3,5
2021/2/6,121,48,41,7,2,4
2021/2/7,117,48,40,7,3,4
2021/2/8,111,61,32,8,3,5
2021/2/9,143,61,36,6,2,6
2021/2/10,152,57,31,7,3,6
2021/2/11,148,69,39,6,3,6
2021/2/12,165,56,20,5,2,6
2021/2/13,139,26,28,4,2,5
2021/2/14,79,28,20,3,2,3
2021/2/15,79,19,27,3,2,1
2021/2/16,53,20,28,4,2,2
2021/2/17,49,17,34,3,2,1
2021/2/18,49,19,35,4,2,3
2021/2/19,56,27,39,6,3,3
2021/2/20,75,40,43,8,3,4
2021/2/21,97,51,48,11,3,5
2021/2/22,126,52,57,7,4,5
2021/2/23,135,64,41,15,3,6
2021/2/24,155,25,26,8,3,5
2021/2/25,76,21,21,8,3,5
2021/2/26,61,16,20,9,3,5
2021/2/27,54,10,19,7,,5
2021/2/28,33,17,25,6,3,4
2021/1/4,177,63,9,17,2,8
2021/1/5,158,58,12,15,3,7
2021/1/6,152,45,23,9,2,5
2021/1/7,128,48,17,9,2,5
2021/1/8,130,55,20,10,2,6
2021/1/9,141,60,18,14,2,6
2021/1/10,155,33,29,5,2,4
2021/1/11,88,40,26,11,2,5
2021/1/12,102,64,26,22,4,7
2021/1/13,155,55,29,14,3,7
2021/1/14,133,67,37,17,2,7
2021/1/15,145,69,30,12,4,7
2021/1/16,140,34,25,9,2,5
2021/1/17,71,40,27,12,3,5
2021/1/18,95,68,15,23,3,6
2021/1/19,156,58,12,12,3,5
2021/1/20,148,53,29,17,4,6
2021/1/21,127,48,32,16,3,6
2021/1/22,115,73,15,20,3,7
2021/1/23,162,79,13,19,3,8
2021/1/24,172,35,21,13,3,7
2021/1/25,92,46,24,11,3,7
2021/1/26,106,73,22,18,3,8
2021/1/27,158,66,30,10,3,8
2021/1/28,153,66,11,19,3,9
2021/1/29,156,33,32,6,3,7
2021/1/30,88,,,,,
2020/10/1,41,11,22,3,,4
2020/10/2,33,7,16,3,,3
2020/10/3,13,11,21,3,3,2
2020/10/4,29,14,18,5,3,2
2020/10/5,34,9,18,4,3,2
2020/10/6,26,18,21,4,3,3
2020/10/7,50,12,16,4,3,3
2020/10/8,40,19,22,6,3,4
2020/10/9,50,11,15,7,3,4
2020/10/10,31,21,14,9,3,5
2020/10/11,62,20,14,7,5,4
2020/10/12,50,17,13,6,3,3
2020/10/13,43,7,17,5,3,3
2020/10/14,17,19,13,6,3,3
2020/10/15,41,10,20,5,3,2
2020/10/16,24,24,15,7,3,2
2020/10/17,56,20,24,7,3,2
2020/10/18,56,14,23,4,3,2
2020/10/19,40,12,21,2,3,2
2020/10/20,34,14,17,5,3,2
2020/10/21,34,36,26,7,4,3
2020/10/22,83,58,12,13,4,5
2020/10/23,140,45,26,9,3,4
2020/10/24,98,45,21,10,3,5
2020/10/25,96,35,14,7,3,4
2020/10/26,86,28,24,7,3,4
2020/10/27,75,9,21,6,3,3
2020/10/28,28,25,29,7,3,4
2020/10/29,65,40,24,9,4,6
2020/10/30,105,11,15,6,3,5
2020/10/31,32,18,13,6,4,4
2020/11/1,43,36,17,9,5,4
2020/11/2,73,46,19,10,5,5
2020/11/3,102,20,18,7,4,4
2020/11/4,66,18,15,8,,5
2020/11/5,63,11,26,6,4,4
2020/11/6,39,25,35,9,5,5
2020/11/7,74,38,30,10,5,6
2020/11/8,109,48,35,10,3,6
2020/11/9,136,57,27,15,3,6
2020/11/10,156,56,24,11,2,6
2020/11/11,153,42,18,9,2,6
2020/11/12,126,40,16,8,2,5
2020/11/13,124,43,29,9,3,5
2020/11/14,126,54,7,14,3,6
2020/11/15,142,56,4,16,3,7
2020/11/16,152,56,23,13,3,7
2020/11/17,154,43,31,11,3,6
2020/11/18,118,47,36,9,3,5
2020/11/19,101,57,27,11,4,5
2020/11/20,114,27,15,7,3,4
2020/11/21,64,22,14,6,2,3
2020/11/22,64,25,10,8,3,4
2020/11/23,76,44,10,10,3,4
2020/11/24,103,46,4,14,3,5
2020/11/25,102,20,16,7,3,5
2020/11/26,56,36,11,9,3,5
2020/11/27,81,17,15,7,3,5
2020/11/28,56,38,11,9,3,6
2020/11/29,99,44,11,9,3,6
2020/11/30,112,18,13,11,3,6
2020/12/1,58,12,11,9,3,5
2020/12/2,43,24,14,7,3,6
2020/12/3,76,26,12,9,3,7
2020/12/4,81,21,21,9,3,7
2020/12/5,66,26,5,13,3,8
2020/12/6,74,20,12,7,3,6
2020/12/7,64,39,9,10,3,7
2020/12/8,86,38,12,11,3,6
2020/12/9,97,18,14,7,3,5
2020/12/10,55,39,11,11,3,5
2020/12/11,93,44,10,11,4,6
2020/12/12,102,48,13,11,3,6
2020/12/13,125,26,19,8,3,4
2020/12/14,76,46,15,10,2,5
2020/12/15,120,36,13,11,,5
2020/12/16,95,30,14,8,2,5
2020/12/17,88,30,17,6,2,5
2020/12/18,86,40,20,8,2,5
2020/12/19,110,44,20,8,2,5
2020/12/20,115,54,18,11,2,6
2020/12/21,134,73,12,15,3,7
2020/12/22,166,58,25,13,2,6
2020/12/23,138,60,22,12,3,6
2020/12/24,139,82,14,17,3,8
2020/12/25,174,74,12,13,2,8
2020/12/26,167,75,16,12,2,8
2020/12/27,162,94,10,19,4,9
2020/12/28,190,35,18,12,2,5
2020/12/29,99,38,14,15,3,4
2020/12/30,95,45,17,11,2,4
2020/12/31,117,45,12,10,,3
2021/1/1,109,,,,,
2020/7/1,47,23,49,4,4,1
2020/7/2,49,32,77,4,4,1
2020/7/3,71,19,37,4,3,2
2020/7/4,48,21,37,3,3,1
2020/7/5,51,23,43,3,3,1
2020/7/6,56,24,26,4,4,1
2020/7/7,60,32,58,5,4,1
2020/7/8,70,26,26,2,,1
2020/7/9,64,26,40,3,4,2
2020/7/10,59,18,26,5,4,2
2020/7/11,48,10,28,4,4,2
2020/7/12,17,14,46,3,3,2
2020/7/13,32,28,31,7,2,3
2020/7/14,68,13,22,2,2,2
2020/7/15,31,8,22,2,2,2
2020/7/16,12,11,23,3,3,1
2020/7/17,22,19,31,3,3,1
2020/7/18,42,14,37,3,3,1
2020/7/19,30,12,23,3,3,1
2020/7/20,31,20,24,4,3,1
2020/7/21,49,14,31,4,3,1
2020/7/22,39,17,29,3,3,2
2020/7/23,46,25,44,3,3,3
2020/7/24,69,10,26,3,3,3
2020/7/25,25,17,36,3,3,1
2020/7/26,34,41,57,4,4,2
2020/7/27,75,39,41,3,3,1
2020/7/28,76,24,28,4,3,1
2020/7/29,60,13,29,3,3,1
2020/7/30,39,20,22,6,3,2
2020/7/31,47,20,28,4,3,2
2020/8/1,46,15,33,2,,2
2020/8/2,41,25,46,2,4,2
2020/8/3,63,19,44,2,4,2
2020/8/4,57,21,44,3,4,3
2020/8/5,66,28,47,4,4,3
2020/8/6,78,12,34,2,4,3
2020/8/7,31,14,31,2,4,3
2020/8/8,40,27,61,4,4,4
2020/8/9,69,33,63,3,4,4
2020/8/10,79,10,36,2,4,3
2020/8/11,23,11,20,2,4,3
2020/8/12,26,12,50,2,4,3
2020/8/13,25,26,38,4,5,3
2020/8/14,64,18,26,4,5,4
2020/8/15,58,6,19,2,4,3
2020/8/16,13,12,20,3,4,3
2020/8/17,34,9,25,1,,2
2020/8/18,18,16,28,1,2,2
2020/8/19,35,34,38,5,3,4
2020/8/20,79,33,28,3,2,3
2020/8/21,80,31,31,4,2,4
2020/8/22,75,34,34,5,2,4
2020/8/23,81,8,29,3,2,2
2020/8/24,18,11,49,3,4,3
2020/8/25,27,11,55,2,3,3
2020/8/26,34,27,65,3,3,4
2020/8/27,52,36,58,2,3,4
2020/8/28,86,30,41,3,2,5
2020/8/29,80,9,30,3,,4
2020/8/30,28,10,28,2,,2
2020/8/31,30,17,39,2,3,1
2020/9/1,39,18,30,3,3,1
2020/9/2,54,15,37,3,3,1
2020/9/3,40,26,38,5,3,2
2020/9/4,62,32,21,6,3,2
2020/9/5,76,15,19,2,3,1
2020/9/6,40,21,54,3,3,1
2020/9/7,48,25,26,4,3,1
2020/9/8,59,24,23,4,3,1
2020/9/9,59,14,17,3,3,1
2020/9/10,36,17,10,3,3,1
2020/9/11,43,13,24,3,3,1
2020/9/12,33,15,34,2,3,1
2020/9/13,41,14,29,2,3,2
2020/9/14,36,16,24,3,4,3
2020/9/15,48,11,19,3,3,2
2020/9/16,22,12,23,2,4,1
2020/9/17,31,18,24,4,4,1
2020/9/18,42,36,28,8,5,2
2020/9/19,72,28,20,7,4,2
2020/9/20,71,15,14,5,4,2
2020/9/21,40,13,27,5,4,2
2020/9/22,25,32,33,6,4,5
2020/9/23,67,32,18,11,4,3
2020/9/24,72,9,20,5,4,2
2020/9/25,26,15,14,6,4,2
2020/9/26,39,19,20,8,4,3
2020/9/27,50,12,24,6,3,3
2020/9/28,31,13,34,3,2,3
2020/9/29,34,27,29,4,3,3
2020/9/30,68,13,26,3,,3
2020/4/1,86,17,21,5,3,3
2020/4/2,49,8,18,5,,3
2020/4/3,26,6,26,3,,3
2020/4/4,20,22,31,7,4,2
2020/4/5,61,35,16,7,3,3
2020/4/6,93,31,32,6,4,3
2020/4/7,85,19,46,6,5,4
2020/4/8,55,37,53,8,7,3
2020/4/9,85,32,43,5,4,4
2020/4/10,79,35,39,6,4,3
2020/4/11,66,52,19,8,5,3
2020/4/12,77,39,24,7,4,3
2020/4/13,80,35,45,6,5,4
2020/4/14,82,48,55,8,4,4
2020/4/15,108,53,59,11,4,6
2020/4/16,122,46,38,8,5,4
2020/4/17,94,43,52,13,4,4
2020/4/18,81,32,24,11,5,5
2020/4/19,80,14,23,4,4,3
2020/4/20,35,16,24,3,4,1
2020/4/21,46,14,26,3,4,1
2020/4/22,40,11,29,3,4,1
2020/4/23,32,18,45,4,5,1
2020/4/24,41,29,48,6,5,1
2020/4/25,70,28,55,6,5,1
2020/4/26,67,27,47,7,5,1
2020/4/27,61,29,73,6,6,1
2020/4/28,65,33,64,4,5,1
2020/4/29,72,24,50,5,5,1
2020/4/30,57,32,70,6,6,1
2020/5/1,71,35,73,5,6,1
2020/5/2,77,44,99,5,7,2
2020/5/3,91,61,117,5,5,2
2020/5/4,132,61,74,5,3,3
2020/5/5,138,44,76,3,3,3
2020/5/6,102,36,28,5,2,3
2020/5/7,97,9,33,3,4,2
2020/5/8,25,23,23,6,3,2
2020/5/9,48,18,57,4,3,1
2020/5/10,46,34,31,4,2,2
2020/5/11,65,44,20,6,3,2
2020/5/12,80,52,58,5,3,3
2020/5/13,95,47,67,5,3,3
2020/5/14,99,54,67,6,3,3
2020/5/15,128,36,31,3,4,2
2020/5/16,93,18,64,4,3,2
2020/5/17,39,33,81,6,4,1
2020/5/18,66,44,105,6,5,1
2020/5/19,87,63,44,6,3,2
2020/5/20,137,25,31,3,3,2
2020/5/21,64,17,39,4,3,2
2020/5/22,39,32,79,7,4,2
2020/5/23,64,22,33,3,3,1
2020/5/24,54,13,23,2,3,1
2020/5/25,39,21,24,4,4,1
2020/5/26,57,15,33,3,4,1
2020/5/27,27,18,41,3,4,1
2020/5/28,41,25,67,4,4,1
2020/5/29,61,37,65,4,4,2
2020/5/30,82,34,71,3,3,2
2020/5/31,78,39,49,5,3,3
2020/6/1,98,7,35,2,3,1
2020/6/2,20,25,53,3,4,2
2020/6/3,55,36,73,4,5,3
2020/6/4,78,31,73,5,5,2
2020/6/5,69,31,45,4,5,2
2020/6/6,72,30,66,4,4,2
2020/6/7,75,26,32,3,2,2
2020/6/8,68,26,54,2,2,1
2020/6/9,64,36,70,4,3,2
2020/6/10,78,42,66,4,4,2
2020/6/11,104,24,19,4,2,2
2020/6/12,67,13,19,2,2,1
2020/6/13,36,28,26,3,2,2
2020/6/14,68,30,54,5,3,1
2020/6/15,69,37,60,5,3,2
2020/6/16,80,6,21,3,2,1
2020/6/17,11,11,40,4,2,1
2020/6/18,27,28,69,5,4,1
2020/6/19,64,42,58,5,3,2
2020/6/20,91,19,26,5,,3
2020/6/21,53,10,26,3,,1
2020/6/22,32,17,24,3,3,1
2020/6/23,42,17,56,3,3,1
2020/6/24,42,29,68,4,4,2
2020/6/25,73,19,45,4,3,2
2020/6/26,53,15,41,2,3,1
2020/6/27,45,11,33,3,,1
2020/6/28,31,21,53,3,3,2
2020/6/29,50,20,35,3,3,1
2020/6/30,51,21,24,5,4,1
2020/1/1,168,59,11,15,3,9
2020/1/2,152,55,20,10,,8
2020/1/3,144,46,12,11,3,8
2020/1/4,117,61,11,13,2,8
2020/1/5,154,32,16,7,2,8
2020/1/6,92,36,8,10,2,8
2020/1/7,98,59,14,14,3,9
2020/1/8,146,71,12,13,3,9
2020/1/9,162,36,16,5,2,9
2020/1/10,93,31,32,7,3,9
2020/1/11,82,55,36,13,3,10
2020/1/12,132,61,23,10,3,8
2020/1/13,143,41,18,10,3,6
2020/1/14,102,48,9,13,2,8
2020/1/15,122,24,18,6,2,6
2020/1/16,70,42,11,10,2,7
2020/1/17,108,40,19,8,2,7
2020/1/18,103,26,25,5,3,6
2020/1/19,76,42,28,4,2,5
2020/1/20,111,57,31,5,2,7
2020/1/21,150,72,24,6,3,8
2020/1/22,163,40,21,3,2,6
2020/1/23,110,30,21,1,2,6
2020/1/24,92,37,32,2,2,6
2020/1/25,104,43,23,3,2,7
2020/1/26,119,31,20,3,2,7
2020/1/27,92,33,21,2,2,7
2020/1/28,95,19,23,2,2,7
2020/1/29,66,23,26,2,2,5
2020/1/30,68,31,19,2,,4
2020/1/31,91,35,21,2,2,5
2020/2/1,96,22,19,1,,4
2020/2/2,71,16,27,1,,2
2020/2/3,61,25,28,2,2,3
2020/2/4,75,34,25,2,2,4
2020/2/5,99,14,25,1,2,4
2020/2/6,55,28,21,2,2,4
2020/2/7,87,36,17,2,2,5
2020/2/8,102,17,27,2,2,4
2020/2/9,59,26,32,2,2,3
2020/2/10,68,45,34,2,2,6
2020/2/11,113,52,31,3,2,6
2020/2/12,135,56,34,3,2,6
2020/2/13,151,50,25,3,2,5
2020/2/14,133,52,23,2,2,2
2020/2/15,82,36,26,1,2,2
2020/2/16,75,31,27,2,2,3
2020/2/17,69,28,28,1,2,2
2020/2/18,66,29,35,1,3,3
2020/2/19,74,44,27,3,2,4
2020/2/20,114,30,32,2,2,4
2020/2/21,76,59,26,5,2,5
2020/2/22,115,62,25,4,2,6
2020/2/23,149,58,20,6,3,5
2020/2/24,139,26,42,3,3,4
2020/2/25,77,52,37,7,3,5
2020/2/26,120,61,22,8,3,6
2020/2/27,157,16,35,4,2,4
2020/2/28,53,20,40,4,3,4
2020/2/29,61,34,26,6,3,3
2020/3/1,90,27,24,3,3,2
2020/3/2,58,19,19,3,2,1
2020/3/3,45,22,35,6,3,2
2020/3/4,52,46,26,10,3,3
2020/3/5,103,44,16,8,3,5
2020/3/6,110,30,40,5,3,4
2020/3/7,82,49,27,8,3,4
2020/3/8,120,31,29,4,,2
2020/3/9,68,21,28,2,3,1
2020/3/10,52,34,33,4,3,2
2020/3/11,72,46,28,5,3,3
2020/3/12,98,50,34,6,3,3
2020/3/13,107,56,27,9,3,3
2020/3/14,97,65,26,11,4,4
2020/3/15,118,40,22,8,3,3
2020/3/16,92,16,26,4,3,2
2020/3/17,41,26,45,5,4,2
2020/3/18,55,26,47,6,3,3
2020/3/19,60,37,61,7,5,3
2020/3/20,75,45,84,7,6,3
2020/3/21,95,36,47,5,3,4
2020/3/22,89,39,57,6,4,2
2020/3/23,93,46,71,6,4,2
2020/3/24,107,52,69,9,4,3
2020/3/25,125,60,46,11,6,3
2020/3/26,144,29,27,5,3,1
2020/3/27,61,20,20,7,3,2
2020/3/28,52,8,23,4,4,2
2020/3/29,27,,,,,
2019/10/1,119,42,30,6,3,6
2019/10/2,112,33,31,6,3,6
2019/10/3,87,12,20,4,3,5
2019/10/4,38,13,34,6,5,5
2019/10/5,32,32,19,10,4,6
2019/10/6,76,11,16,8,3,5
2019/10/7,27,31,14,9,3,4
2019/10/8,82,17,20,9,3,4
2019/10/9,57,10,14,9,3,3
2019/10/10,28,16,28,7,3,1
2019/10/11,34,30,41,7,5,2
2019/10/12,72,46,26,10,3,4
2019/10/13,113,9,23,5,2,2
2019/10/14,28,25,24,9,4,3
2019/10/15,70,21,22,8,3,4
2019/10/16,57,13,30,7,3,3
2019/10/17,40,23,31,8,3,3
2019/10/18,63,31,27,8,3,3
2019/10/19,81,17,24,6,3,4
2019/10/20,54,16,17,7,3,3
2019/10/21,48,18,16,8,3,4
2019/10/22,54,30,25,8,4,4
2019/10/23,72,7,25,8,3,4
2019/10/24,24,6,25,7,3,3
2019/10/25,20,7,22,5,2,3
2019/10/26,25,13,22,7,4,3
2019/10/27,43,20,29,8,4,3
2019/10/28,52,31,33,9,4,4
2019/10/29,82,55,28,13,4,6
2019/10/30,130,31,27,8,3,5
2019/10/31,74,23,17,10,3,4
2019/11/1,65,17,32,8,4,5
2019/11/2,49,43,25,14,4,5
2019/11/3,111,30,24,8,3,4
2019/11/4,81,16,29,7,3,3
2019/11/5,53,22,25,8,3,2
2019/11/6,64,20,14,10,3,4
2019/11/7,55,40,7,13,3,4
2019/11/8,100,44,15,12,3,4
2019/11/9,105,20,12,11,4,5
2019/11/10,61,41,5,14,4,5
2019/11/11,95,33,20,10,3,5
2019/11/12,85,18,13,11,3,3
2019/11/13,48,39,24,10,4,4
2019/11/14,79,56,13,16,4,4
2019/11/15,119,46,12,11,4,4
2019/11/16,100,34,16,9,3,4
2019/11/17,87,42,13,10,3,3
2019/11/18,85,52,17,9,4,3
2019/11/19,99,44,11,11,4,4
2019/11/20,93,35,11,12,3,4
2019/11/21,87,45,8,13,4,4
2019/11/22,111,40,9,14,4,5
2019/11/23,98,11,15,9,3,4
2019/11/24,34,23,15,8,4,2
2019/11/25,60,38,9,12,3,4
2019/11/26,72,22,7,10,3,4
2019/11/27,65,32,13,9,3,4
2019/11/28,76,30,5,16,3,6
2019/11/29,76,12,11,8,3,5
2019/11/30,42,29,15,8,3,4
2019/12/1,73,24,16,9,3,4
2019/12/2,66,40,15,11,4,5
2019/12/3,98,39,17,10,4,5
2019/12/4,96,37,29,7,3,5
2019/12/5,96,55,29,13,4,6
2019/12/6,142,67,14,17,4,7
2019/12/7,157,54,26,8,3,7
2019/12/8,137,39,22,10,4,7
2019/12/9,98,61,22,15,4,8
2019/12/10,150,73,22,17,5,9
2019/12/11,162,84,22,14,4,9
2019/12/12,176,103,13,18,5,11
2019/12/13,191,79,22,15,4,10
2019/12/14,171,88,11,20,5,10
2019/12/15,174,67,16,15,4,10
2019/12/16,158,50,9,17,3,8
2019/12/17,125,49,16,12,3,5
2019/12/18,116,56,17,9,2,5
2019/12/19,138,68,7,12,2,6
2019/12/20,161,44,13,12,4,6
2019/12/21,114,45,14,10,3,7
2019/12/22,114,74,12,16,3,8
2019/12/23,166,63,12,13,4,8
2019/12/24,156,58,13,11,3,8
2019/12/25,139,34,20,8,3,6
2019/12/26,86,52,15,11,4,6
2019/12/27,118,77,17,15,4,8
2019/12/28,165,93,12,16,5,9
2019/12/29,179,,,,,
2019/7/1,77,36,43,7,2,4
2019/7/2,95,23,28,5,2,4
2019/7/3,66,14,39,5,4,4
2019/7/4,36,30,49,6,3,5
2019/7/5,75,34,31,7,3,5
2019/7/6,94,11,32,4,3,4
2019/7/7,35,15,43,5,4,3
2019/7/8,41,24,54,6,2,2
2019/7/9,64,21,35,4,2,3
2019/7/10,64,10,33,4,,2
2019/7/11,28,10,24,4,,2
2019/7/12,32,13,39,6,3,2
2019/7/13,29,22,45,6,3,2
2019/7/14,49,14,25,3,2,2
2019/7/15,41,16,34,5,2,2
2019/7/16,44,10,31,5,3,3
2019/7/17,30,11,37,5,3,3
2019/7/18,36,11,30,4,2,3
2019/7/19,28,9,29,4,2,2
2019/7/20,22,17,44,5,3,3
2019/7/21,39,10,34,4,2,3
2019/7/22,23,17,35,6,3,3
2019/7/23,41,25,43,6,3,3
2019/7/24,58,16,31,4,2,2
2019/7/25,45,24,52,5,3,3
2019/7/26,60,37,66,6,3,4
2019/7/27,89,27,61,3,3,4
2019/7/28,71,11,34,4,2,3
2019/7/29,23,12,27,5,3,3
2019/7/30,19,17,43,7,3,3
2019/7/31,36,21,62,4,3,3
2019/8/1,58,21,42,5,2,4
2019/8/2,62,15,40,4,3,3
2019/8/3,46,23,53,6,3,4
2019/8/4,61,9,34,4,2,3
2019/8/5,24,4,32,3,2,2
2019/8/6,8,13,42,5,3,3
2019/8/7,30,22,51,5,3,3
2019/8/8,61,14,36,3,2,3
2019/8/9,38,16,52,5,3,4
2019/8/10,43,20,78,5,4,3
2019/8/11,58,28,87,5,4,4
2019/8/12,68,43,82,6,4,5
2019/8/13,97,15,49,4,3,4
2019/8/14,40,19,64,5,3,4
2019/8/15,45,29,87,5,4,4
2019/8/16,66,38,86,5,4,5
2019/8/17,87,38,58,6,3,5
2019/8/18,87,37,40,7,3,4
2019/8/19,89,13,23,5,2,2
2019/8/20,35,15,30,5,3,2
2019/8/21,45,8,26,4,2,2
2019/8/22,25,22,53,4,3,2
2019/8/23,64,33,66,5,4,3
2019/8/24,83,33,77,6,3,3
2019/8/25,85,42,72,6,3,4
2019/8/26,104,16,30,4,2,2
2019/8/27,46,18,53,5,3,2
2019/8/28,42,19,32,4,3,2
2019/8/29,53,24,27,6,3,2
2019/8/30,59,20,31,4,3,3
2019/8/31,51,28,40,7,3,4
2019/9/1,61,26,30,7,3,4
2019/9/2,68,22,29,8,3,4
2019/9/3,53,21,24,8,3,4
2019/9/4,53,25,32,7,3,4
2019/9/5,70,32,34,8,3,4
2019/9/6,77,20,24,7,3,5
2019/9/7,53,15,28,6,3,4
2019/9/8,31,18,32,7,3,4
2019/9/9,39,17,90,6,3,4
2019/9/10,37,28,35,7,3,5
2019/9/11,60,21,37,7,3,5
2019/9/12,56,6,28,5,3,3
2019/9/13,9,6,26,5,3,3
2019/9/14,16,11,19,7,3,3
2019/9/15,23,22,24,7,3,4
2019/9/16,43,12,22,5,3,3
2019/9/17,31,15,26,6,3,4
2019/9/18,37,15,19,7,3,4
2019/9/19,38,15,17,5,3,3
2019/9/20,42,18,40,7,3,4
2019/9/21,48,31,65,6,4,3
2019/9/22,74,30,27,6,3,4
2019/9/23,79,14,27,4,2,2
2019/9/24,42,17,42,6,3,3
2019/9/25,47,27,32,7,3,4
2019/9/26,70,27,42,6,3,4
2019/9/27,74,36,41,6,3,5
2019/9/28,91,45,45,8,3,5
2019/9/29,111,44,16,9,4,6
2019/9/30,110,45,38,7,3,6
2019/4/1,81,14,26,5,,4
2019/4/2,45,19,28,6,2,4
2019/4/3,54,20,38,8,2,4
2019/4/4,65,16,58,7,2,4
2019/4/5,39,35,71,6,4,4
2019/4/6,71,41,91,5,5,4
2019/4/7,90,46,80,5,4,4
2019/4/8,100,43,81,6,3,2
2019/4/9,88,29,34,6,2,2
2019/4/10,64,22,26,5,2,3
2019/4/11,60,29,25,6,2,4
2019/4/12,75,17,37,4,2,3
2019/4/13,56,10,29,4,2,2
2019/4/14,30,35,36,7,3,3
2019/4/15,87,35,46,9,2,4
2019/4/16,95,54,38,13,2,4
2019/4/17,138,42,49,10,2,4
2019/4/18,110,32,50,6,2,4
2019/4/19,91,23,32,6,2,4
2019/4/20,63,21,24,7,2,3
2019/4/21,43,38,56,8,3,4
2019/4/22,74,47,69,6,3,3
2019/4/23,95,40,86,5,3,3
2019/4/24,93,37,84,7,4,3
2019/4/25,89,57,106,9,3,5
2019/4/26,138,49,76,7,3,4
2019/4/27,128,22,38,5,2,3
2019/4/28,54,27,42,6,2,4
2019/4/29,62,26,38,5,2,3
2019/4/30,66,27,27,6,2,3
2019/5/1,68,24,41,4,2,3
2019/5/2,64,20,25,6,2,4
2019/5/3,60,16,38,6,2,5
2019/5/4,52,17,30,7,2,5
2019/5/5,54,6,27,6,2,3
2019/5/6,20,7,37,6,2,4
2019/5/7,29,9,37,5,2,4
2019/5/8,33,11,40,5,2,4
2019/5/9,28,26,50,6,3,4
2019/5/10,56,32,52,5,2,4
2019/5/11,82,17,48,5,2,4
2019/5/12,57,25,44,3,2,3
2019/5/13,56,33,50,4,3,3
2019/5/14,73,39,54,5,3,4
2019/5/15,94,19,37,4,2,3
2019/5/16,43,40,66,5,3,4
2019/5/17,77,35,26,7,2,5
2019/5/18,97,22,32,4,2,3
2019/5/19,56,23,34,4,2,3
2019/5/20,55,23,52,5,3,3
2019/5/21,50,38,71,6,4,3
2019/5/22,87,51,65,8,3,5
2019/5/23,122,43,57,6,3,4
2019/5/24,109,41,78,6,3,6
2019/5/25,105,43,39,6,2,5
2019/5/26,113,33,29,6,3,4
2019/5/27,80,29,27,7,,3
2019/5/28,66,17,24,8,,4
2019/5/29,52,8,21,4,3,4
2019/5/30,23,19,56,7,2,3
2019/5/31,50,21,52,5,4,3
2019/6/1,52,40,70,7,4,4
2019/6/2,72,54,79,7,4,4
2019/6/3,108,44,107,6,4,5
2019/6/4,102,33,69,7,3,5
2019/6/5,73,22,66,6,3,4
2019/6/6,61,30,78,6,3,4
2019/6/7,75,26,30,4,2,4
2019/6/8,78,16,36,4,2,
2019/6/9,51,23,19,8,3,2
2019/6/10,60,23,29,5,2,1
2019/6/11,66,9,45,5,2,2
2019/6/12,35,16,55,3,3,2
2019/6/13,46,23,29,6,2,3
2019/6/14,64,12,22,4,2,2
2019/6/15,34,10,26,5,,2
2019/6/16,27,18,33,5,2,2
2019/6/17,42,16,40,4,2,2
2019/6/18,38,16,36,4,2,2
2019/6/19,51,14,42,5,,3
2019/6/20,43,17,45,5,2,3
2019/6/21,50,11,21,4,2,2
2019/6/22,30,11,32,4,,2
2019/6/23,30,23,38,7,2,5
2019/6/24,65,7,27,7,2,5
2019/6/25,28,26,37,5,2,6
2019/6/26,69,13,31,4,2,5
2019/6/27,40,8,29,6,2,4
2019/6/28,16,16,40,5,3,4
2019/6/29,30,22,45,7,3,4
2019/6/30,53,34,91,6,3,4
2019/1/1,162,60,22,5,4,7
2019/1/2,154,68,13,8,3,8
2019/1/3,159,31,21,4,3,7
2019/1/4,91,38,26,5,4,8
2019/1/5,101,71,14,9,4,9
2019/1/6,161,78,26,5,3,8
2019/1/7,173,62,22,8,4,8
2019/1/8,146,78,31,4,4,7
2019/1/9,165,80,15,9,2,8
2019/1/10,169,32,36,4,4,8
2019/1/11,83,67,18,10,4,10
2019/1/12,156,40,34,4,4,9
2019/1/13,106,74,22,8,3,10
2019/1/14,168,58,24,7,2,7
2019/1/15,146,63,30,7,3,6
2019/1/16,147,93,21,11,3,7
2019/1/17,180,73,16,11,3,8
2019/1/18,158,29,36,9,3,6
2019/1/19,80,55,23,10,3,7
2019/1/20,126,54,22,6,2,6
2019/1/21,136,47,22,9,3,8
2019/1/22,117,68,32,12,4,7
2019/1/23,160,90,11,19,4,8
2019/1/24,178,93,21,14,3,7
2019/1/25,181,79,10,17,4,7
2019/1/26,167,82,6,16,3,8
2019/1/27,167,30,29,6,2,5
2019/1/28,84,42,14,10,2,6
2019/1/29,111,51,15,8,2,7
2019/1/30,133,48,20,7,2,7
2019/1/31,127,37,29,7,2,6
2019/2/1,104,52,15,7,2,7
2019/2/2,138,32,32,7,3,5
2019/2/3,80,51,42,7,3,4
2019/2/4,94,56,41,7,3,4
2019/2/5,118,58,37,7,3,5
2019/2/6,139,55,43,8,3,5
2019/2/7,130,62,28,7,3,6
2019/2/8,142,50,28,6,3,5
2019/2/9,105,36,25,7,2,6
2019/2/10,80,30,33,7,2,5
2019/2/11,73,43,30,6,2,7
2019/2/12,113,41,32,7,2,7
2019/2/13,108,61,15,7,3,8
2019/2/14,140,27,16,8,2,7
2019/2/15,68,50,20,9,3,6
2019/2/16,105,34,19,6,2,6
2019/2/17,81,18,20,6,,6
2019/2/18,57,37,21,5,2,7
2019/2/19,100,51,25,6,2,7
2019/2/20,142,38,30,7,2,7
2019/2/21,98,43,21,6,3,7
2019/2/22,107,40,18,7,2,8
2019/2/23,116,51,15,7,4,8
2019/2/24,140,14,28,6,2,7
2019/2/25,48,26,19,7,2,7
2019/2/26,86,29,21,9,,7
2019/2/27,89,49,23,9,2,8
2019/2/28,128,53,11,8,3,8
2019/3/1,145,14,34,5,2,7
2019/3/2,45,30,35,9,3,8
2019/3/3,80,53,20,14,2,7
2019/3/4,128,15,30,4,2,3
2019/3/5,49,21,26,4,2,3
2019/3/6,65,23,23,8,4,2
2019/3/7,67,14,24,7,2,2
2019/3/8,42,18,32,4,3,3
2019/3/9,65,40,32,6,3,4
2019/3/10,103,31,32,4,2,4
2019/3/11,87,33,34,6,2,4
2019/3/12,81,47,21,5,2,4
2019/3/13,130,17,24,6,3,2
2019/3/14,58,28,28,8,4,3
2019/3/15,66,45,28,13,2,4
2019/3/16,110,23,34,6,2,3
2019/3/17,77,37,25,8,2,4
2019/3/18,105,36,37,7,2,4
2019/3/19,107,43,49,12,2,5
2019/3/20,117,49,35,12,2,4
2019/3/21,95,39,26,9,2,3
2019/3/22,80,20,27,6,1,3
2019/3/23,52,42,32,7,2,3
2019/3/24,102,57,25,8,3,4
2019/3/25,152,54,45,11,3,4
2019/3/26,141,45,48,7,2,4
2019/3/27,127,30,64,7,3,5
2019/3/28,78,50,89,7,3,5
2019/3/29,110,53,43,7,2,4
2019/3/30,127,39,28,6,2,3
2019/3/31,86,32,32,6,2,4
2018/10/1,23,11,16,5,3,1
2018/10/2,16,9,20,6,4,1
2018/10/3,24,27,24,4,3,3
2018/10/4,63,46,20,5,2,4
2018/10/5,97,28,23,5,1,3
2018/10/6,69,17,23,4,1,3
2018/10/7,40,15,19,4,3,3
2018/10/8,35,12,24,5,3,1
2018/10/9,23,23,33,7,3,3
2018/10/10,34,32,18,7,3,4
2018/10/11,64,42,19,4,3,4
2018/10/12,101,34,25,4,3,4
2018/10/13,91,17,23,4,2,3
2018/10/14,54,10,21,5,2,4
2018/10/15,39,6,17,5,4,4
2018/10/16,50,25,17,4,3,3
2018/10/17,67,14,15,4,4,4
2018/10/18,46,13,12,4,4,4
2018/10/19,39,9,22,3,3,4
2018/10/20,24,11,18,3,3,5
2018/10/21,35,14,10,7,2,6
2018/10/22,39,14,17,4,2,3
2018/10/23,24,26,17,3,2,4
2018/10/24,58,29,23,5,3,5
2018/10/25,85,18,12,6,4,4
2018/10/26,44,30,17,7,3,4
2018/10/27,64,35,30,6,2,4
2018/10/28,71,41,15,6,2,5
2018/10/29,90,26,23,5,2,3
2018/10/30,55,25,32,4,2,4
2018/10/31,51,36,41,5,3,4
2018/11/1,80,59,48,6,3,5
2018/11/2,145,66,33,5,2,6
2018/11/3,160,46,32,4,3,4
2018/11/4,109,34,17,3,1,3
2018/11/5,83,24,14,5,2,4
2018/11/6,69,25,19,5,2,3
2018/11/7,74,20,20,7,3,3
2018/11/8,56,54,9,4,2,5
2018/11/9,143,60,17,6,2,5
2018/11/10,147,36,27,5,2,5
2018/11/11,96,68,18,5,1,7
2018/11/12,162,60,15,5,6,5
2018/11/13,152,51,12,6,10,4
2018/11/14,126,31,17,5,12,3
2018/11/15,85,11,18,4,11,3
2018/11/16,40,16,17,5,3,2
2018/11/17,53,13,25,7,2,1
2018/11/18,38,32,18,4,2,2
2018/11/19,83,63,15,5,3,4
2018/11/20,158,47,26,4,2,3
2018/11/21,122,30,22,7,2,3
2018/11/22,75,44,26,6,2,3
2018/11/23,112,48,28,8,2,3
2018/11/24,124,44,36,7,2,4
2018/11/25,107,77,9,5,2,7
2018/11/26,165,44,28,6,2,7
2018/11/27,89,73,17,5,2,6
2018/11/28,136,63,19,7,2,7
2018/11/29,149,56,29,6,2,7
2018/11/30,138,57,18,7,3,7
2018/12/1,120,65,15,6,3,7
2018/12/2,144,35,22,7,2,6
2018/12/3,66,95,19,6,,6
2018/12/4,135,92,15,4,2,5
2018/12/5,132,53,16,4,2,5
2018/12/6,87,54,18,4,2,5
2018/12/7,92,37,15,4,2,5
2018/12/8,85,27,11,3,,5
2018/12/9,73,23,5,3,2,6
2018/12/10,71,29,14,4,3,6
2018/12/11,82,44,17,5,5,6
2018/12/12,110,56,22,5,4,6
2018/12/13,134,79,9,9,5,8
2018/12/14,167,53,19,5,4,6
2018/12/15,125,27,28,4,5,6
2018/12/16,64,51,23,6,4,7
2018/12/17,121,94,13,15,5,11
2018/12/18,186,97,12,9,5,11
2018/12/19,188,114,13,13,7,13
2018/12/20,210,48,23,7,4,9
2018/12/21,119,45,24,11,4,8
2018/12/22,113,56,24,10,4,8
2018/12/23,138,62,21,6,4,7
2018/12/24,145,37,12,5,4,6
2018/12/25,94,33,18,6,7,5
2018/12/26,111,44,15,6,5,5
2018/12/27,126,28,19,4,5,6
2018/12/28,85,49,19,5,6,6
2018/12/29,132,63,20,5,8,6
2018/12/30,159,,,,,
2018/7/1,36,10,27,4,12,4
2018/7/2,32,14,25,4,12,5
2018/7/3,31,9,16,3,9,4
2018/7/4,27,9,19,4,7,5
2018/7/5,31,14,24,5,4,6
2018/7/6,31,10,21,5,5,5
2018/7/7,32,13,21,6,4,5
2018/7/8,32,10,22,5,6,4
2018/7/9,35,9,19,5,5,5
2018/7/10,34,8,27,5,4,3
2018/7/11,34,21,31,6,5,3
2018/7/12,52,19,27,5,5,3
2018/7/13,54,14,40,6,5,3
2018/7/14,52,10,31,5,5,4
2018/7/15,37,8,23,5,6,3
2018/7/16,27,11,32,6,5,3
2018/7/17,34,23,34,5,7,4
2018/7/18,61,21,23,4,9,4
2018/7/19,52,18,32,5,5,3
2018/7/20,39,9,34,6,5,4
2018/7/21,37,11,32,6,5,4
2018/7/22,33,14,27,5,2,4
2018/7/23,38,13,34,6,6,5
2018/7/24,44,23,43,5,3,3
2018/7/25,55,33,45,5,3,2
2018/7/26,79,9,30,5,4,1
2018/7/27,34,10,37,5,4,1
2018/7/28,32,17,40,6,4,4
2018/7/29,51,25,47,5,7,3
2018/7/30,57,20,39,6,5,3
2018/7/31,41,13,39,5,7,3
2018/8/1,27,12,34,5,8,3
2018/8/2,38,9,23,5,6,3
2018/8/3,32,10,36,5,7,3
2018/8/4,26,15,52,5,10,3
2018/8/5,37,20,51,5,8,3
2018/8/6,54,15,44,5,4,2
2018/8/7,37,15,44,4,5,3
2018/8/8,37,16,45,3,8,3
2018/8/9,29,14,47,4,10,3
2018/8/10,36,16,32,5,9,3
2018/8/11,45,19,45,4,10,3
2018/8/12,53,17,24,4,10,2
2018/8/13,49,14,37,4,9,2
2018/8/14,49,24,42,4,10,3
2018/8/15,68,24,24,4,12,3
2018/8/16,59,12,33,3,12,3
2018/8/17,34,20,46,4,11,3
2018/8/18,43,26,71,3,9,4
2018/8/19,63,33,72,5,10,4
2018/8/20,82,26,44,6,8,4
2018/8/21,73,14,45,4,12,3
2018/8/22,32,17,57,4,8,3
2018/8/23,44,28,68,5,4,3
2018/8/24,71,32,30,4,5,3
2018/8/25,80,21,42,4,6,
2018/8/26,55,26,40,4,8,3
2018/8/27,67,31,49,3,8,3
2018/8/28,82,38,65,4,7,3
2018/8/29,98,43,75,6,10,3
2018/8/30,102,30,67,5,13,3
2018/8/31,84,30,49,5,12,3
2018/9/1,84,23,35,5,11,3
2018/9/2,65,14,44,5,12,3
2018/9/3,42,21,46,5,12,3
2018/9/4,58,17,32,4,12,3
2018/9/5,48,10,29,4,5,1
2018/9/6,17,17,17,3,4,2
2018/9/7,30,33,41,3,6,2
2018/9/8,67,35,25,3,4,2
2018/9/9,86,20,32,4,4,2
2018/9/10,52,15,32,4,4,2
2018/9/11,42,15,29,4,5,3
2018/9/12,43,12,27,4,6,2
2018/9/13,32,18,22,6,10,3
2018/9/14,40,11,23,4,7,3
2018/9/15,25,9,26,4,2,2
2018/9/16,26,19,32,3,2,4
2018/9/17,47,40,57,2,2,4
2018/9/18,96,62,35,5,2,6
2018/9/19,152,19,17,2,1,3
2018/9/20,41,14,39,2,2,2
2018/9/21,27,28,61,2,2,3
2018/9/22,53,34,32,4,1,4
2018/9/23,79,14,29,2,1,3
2018/9/24,34,10,19,2,1,3
2018/9/25,23,10,19,3,1,3
2018/9/26,27,16,22,4,2,3
2018/9/27,34,12,32,4,2,3
2018/9/28,25,23,30,4,2,3
2018/9/29,47,16,23,3,2,2
2018/9/30,34,11,17,4,1,2
2018/4/1,92,39,31,5,12,4
2018/4/2,104,58,53,4,13,4
2018/4/3,132,69,53,3,13,6
2018/4/4,152,32,24,2,13,4
2018/4/5,89,44,26,3,11,4
2018/4/6,101,47,33,6,10,3
2018/4/7,107,49,37,4,10,4
2018/4/8,115,65,47,6,13,5
2018/4/9,147,80,46,4,13,6
2018/4/10,160,77,47,4,12,6
2018/4/11,157,78,42,4,13,7
2018/4/12,160,51,30,4,13,6
2018/4/13,95,49,30,8,12,3
2018/4/14,96,53,38,8,11,3
2018/4/15,114,50,39,11,13,3
2018/4/16,116,54,46,8,14,5
2018/4/17,140,61,64,10,18,5
2018/4/18,154,63,57,7,13,6
2018/4/19,157,67,32,4,12,4
2018/4/20,157,46,32,7,13,2
2018/4/21,115,36,23,7,13,1
2018/4/22,92,35,21,5,13,1
2018/4/23,93,27,27,4,13,4
2018/4/24,81,14,27,7,13,3
2018/4/25,70,36,22,7,14,2
2018/4/26,90,34,26,6,13,2
2018/4/27,91,41,34,8,14,3
2018/4/28,108,54,41,5,13,4
2018/4/29,137,52,38,6,13,4
2018/4/30,131,53,27,5,12,4
2018/5/1,134,39,24,5,12,3
2018/5/2,102,52,31,7,14,4
2018/5/3,128,69,40,5,13,5
2018/5/4,162,56,31,2,13,4
2018/5/5,114,45,25,3,13,3
2018/5/6,112,44,33,3,11,3
2018/5/7,118,50,27,4,13,4
2018/5/8,142,34,26,4,13,3
2018/5/9,95,42,42,3,12,3
2018/5/10,87,28,43,4,13,3
2018/5/11,75,37,46,7,14,4
2018/5/12,92,52,58,6,13,4
2018/5/13,119,61,92,6,13,5
2018/5/14,149,64,104,4,12,5
2018/5/15,156,74,109,4,13,6
2018/5/16,163,71,75,4,12,5
2018/5/17,129,46,76,6,13,4
2018/5/18,107,56,77,5,13,4
2018/5/19,138,38,76,7,13,4
2018/5/20,103,53,86,4,12,9
2018/5/21,134,34,54,4,13,2
2018/5/22,75,56,64,5,13,1
2018/5/23,137,61,46,5,13,2
2018/5/24,149,49,53,6,13,2
2018/5/25,123,26,46,8,13,1
2018/5/26,89,47,64,6,13,2
2018/5/27,101,66,49,5,13,2
2018/5/28,131,63,39,6,11,2
2018/5/29,138,47,26,3,7,1
2018/5/30,118,42,36,4,9,1
2018/5/31,99,66,24,4,7,3
2018/6/1,134,55,51,5,10,3
2018/6/2,149,51,33,4,12,3
2018/6/3,132,28,40,5,12,2
2018/6/4,85,40,47,4,11,3
2018/6/5,104,44,68,4,11,3
2018/6/6,129,51,41,6,16,4
2018/6/7,146,45,46,7,11,3
2018/6/8,117,33,39,5,7,2
2018/6/9,103,36,35,6,5,4
2018/6/10,105,39,25,6,3,4
2018/6/11,102,25,27,6,7,3
2018/6/12,40,29,18,5,3,2
2018/6/13,39,11,25,7,4,1
2018/6/14,23,13,20,4,5,2
2018/6/15,33,20,27,6,4,2
2018/6/16,55,27,27,5,5,3
2018/6/17,65,9,22,7,4,3
2018/6/18,28,8,15,6,3,3
2018/6/19,23,18,34,5,3,3
2018/6/20,30,27,19,3,2,3
2018/6/21,65,13,18,5,3,3
2018/6/22,31,15,22,5,4,4
2018/6/23,32,23,25,5,2,4
2018/6/24,44,19,27,5,2,4
2018/6/25,37,10,18,3,7,2
2018/6/26,32,15,20,3,7,2
2018/6/27,31,12,19,5,2,1
2018/6/28,21,15,24,6,2,2
2018/6/29,37,7,18,4,7,4
2018/6/30,29,13,29,4,9,4
2018/1/2,184,142,26,13,2,11
2018/1/3,151,79,32,12,1,8
2018/1/4,136,55,36,13,1,10
2018/1/5,104,43,40,14,1,12
2018/1/6,112,46,38,12,1,12
2018/1/7,107,43,33,9,,10
2018/1/8,124,54,39,10,,8
2018/1/9,119,54,36,12,1,6
2018/1/10,147,67,35,17,1,6
2018/1/11,154,73,34,22,1,6
2018/1/12,167,87,26,15,3,8
2018/1/13,171,92,37,15,2,7
2018/1/14,182,105,40,13,3,9
2018/1/15,219,138,30,10,7,10
2018/1/16,133,61,37,12,7,5
2018/1/17,131,61,12,9,7,5
2018/1/18,164,80,8,8,12,6
2018/1/19,154,69,9,10,13,6
2018/1/20,152,71,10,,13,7
2018/1/22,189,123,30,18,4,6
2018/1/23,168,94,16,13,13,7
2018/1/24,135,58,25,10,12,5
2018/1/25,87,35,19,14,12,7
2018/1/26,152,66,18,13,9,7
2018/1/27,157,66,23,11,4,6
2018/1/28,152,60,35,14,1,6
2018/1/29,174,84,31,17,1,8
2018/1/30,185,99,27,10,2,9
2018/1/31,144,59,39,8,1,4
2018/2/1,129,59,36,4,3,5
2018/2/2,141,69,41,7,4,5
2018/2/3,157,77,42,7,5,5
2018/2/4,166,76,39,4,6,6
2018/2/5,151,60,32,8,11,5
2018/2/6,176,81,25,6,12,7
2018/2/7,178,81,28,8,12,7
2018/2/8,180,85,14,6,13,9
2018/2/9,158,71,21,4,12,7
2018/2/10,150,103,27,4,13,4
2018/2/11,162,113,25,4,13,5
2018/2/12,157,80,27,5,13,6
2018/2/13,166,80,32,5,13,7
2018/2/14,192,109,23,7,13,9
2018/2/15,165,73,31,6,12,7
2018/2/16,174,80,34,5,11,8
2018/2/17,186,91,13,5,13,11
2018/2/18,163,70,19,5,13,8
2018/2/19,144,56,20,6,12,7
2018/2/20,143,55,16,7,12,6
2018/2/21,143,54,20,7,12,6
2018/2/22,126,48,17,5,12,3
2018/2/23,130,61,17,7,12,5
2018/2/24,102,41,30,7,12,3
2018/2/25,125,50,30,6,12,3
2018/2/26,159,68,16,6,11,5
2018/2/27,163,67,19,7,11,6
2018/2/28,152,59,29,8,12,6
2018/3/1,155,64,33,8,11,7
2018/3/2,163,70,38,7,12,7
2018/3/3,177,84,26,8,12,8
2018/3/4,169,78,17,7,13,7
2018/3/5,107,31,15,6,12,3
2018/3/6,114,47,35,7,11,4
2018/3/7,83,26,37,7,11,3
2018/3/8,92,38,42,5,12,3
2018/3/9,136,52,42,3,12,4
2018/3/10,157,61,38,4,13,4
2018/3/11,148,53,41,5,13,4
2018/3/12,151,58,35,5,13,5
2018/3/13,163,69,21,5,13,5
2018/3/14,159,66,31,5,12,5
2018/3/15,163,70,48,4,10,6
2018/3/16,144,60,37,5,12,4
2018/3/17,138,51,29,5,13,4
2018/3/18,106,66,19,6,12,3
2018/3/19,112,60,25,5,12,3
2018/3/20,145,75,24,6,12,3
2018/3/21,145,61,25,6,11,4
2018/3/22,142,56,35,5,11,5
2018/3/23,156,69,27,5,13,5
2018/3/24,123,49,26,6,12,3
2018/3/25,109,40,27,6,12,2
2018/3/26,115,44,15,8,12,3
2018/3/27,101,42,20,4,12,3
2018/3/28,108,48,39,7,12,3
2018/3/29,157,66,41,6,12,5
2018/3/30,157,73,41,2,14,5
2018/3/31,92,35,31,4,12,4
2017/10/1,109,50,41,8,2,6
2017/10/2,99,33,58,10,9,5
2017/10/3,62,8,40,8,3,4
2017/10/4,41,30,24,10,1,5
2017/10/5,77,34,25,8,2,5
2017/10/6,84,51,21,10,2,6
2017/10/7,114,47,25,10,1,6
2017/10/8,114,55,21,11,2,7
2017/10/9,124,13,22,8,2,4
2017/10/10,46,25,23,9,2,5
2017/10/11,86,,,,,
2017/11/17,68,19,25,10,1,3
2017/11/18,128,14,33,9,3,5
2017/11/19,79,27,34,11,2,2
2017/11/20,100,,25,14,2,2
2017/11/21,141,,21,10,2,1
2017/11/22,128,60,31,8,1,2
2017/11/23,146,51,33,9,10,3
2017/11/24,116,74,40,13,5,4
2017/11/25,159,68,41,12,4,4
2017/11/26,147,97,36,17,3,6
2017/11/27,172,67,34,10,3,4
2017/11/28,147,57,36,15,3,5
2017/11/29,132,46,39,13,3,4
2017/11/30,113,60,32,15,4,5
2017/12/1,137,69,42,13,3,6
2017/12/2,160,56,48,15,2,6
2017/12/3,133,34,37,11,3,5
2017/12/4,91,64,44,12,3,7
2017/12/5,158,70,63,14,2,6
2017/12/6,160,58,32,10,9,4
2017/12/7,154,38,39,9,5,2
2017/12/8,89,50,45,9,7,3
2017/12/9,104,64,53,11,7,4
2017/12/10,140,64,44,14,3,4
2017/12/11,135,77,35,19,1,5
2017/12/12,167,80,42,19,2,7
2017/12/13,171,65,51,13,3,5
2017/12/14,148,60,45,13,5,6
2017/12/15,129,54,35,14,1,5
2017/12/16,131,58,35,13,1,4
2017/12/17,133,54,37,12,1,4
2017/12/18,130,59,40,10,1,5
2017/12/19,139,73,40,13,3,6
2017/12/20,163,84,39,15,3,7
2017/12/21,172,107,44,13,7,10
2017/12/22,192,87,55,10,3,7
2017/12/23,175,74,53,15,7,8
2017/12/24,162,101,47,21,6,10
2017/12/25,182,101,41,14,7,9
2017/12/26,182,104,47,23,7,11
2017/12/27,186,144,61,15,1,12
2017/12/28,215,127,27,11,1,11
2017/12/29,202,105,,,3,6
2017/7/1,141,51,25,12,3,3
2017/7/2,143,40,24,11,3,3
2017/7/3,109,43,28,11,4,3
2017/7/4,112,49,28,8,9,4
2017/7/5,128,38,31,7,10,3
2017/7/6,97,31,43,7,8,2
2017/7/7,84,33,33,7,9,2
2017/7/8,89,35,48,7,6,2
2017/7/9,83,39,60,7,7,2
2017/7/10,102,46,73,8,6,3
2017/7/11,117,56,71,7,6,3
2017/7/12,139,46,31,7,8,3
2017/7/13,123,35,61,5,11,4
2017/7/14,92,47,69,7,11,4
2017/7/15,129,31,46,7,13,3
2017/7/16,92,43,57,9,13,4
2017/7/17,105,43,43,8,12,4
2017/7/18,106,35,56,9,12,4
2017/7/19,100,36,46,8,12,3
2017/7/20,90,29,53,7,12,3
2017/7/21,96,23,44,7,12,4
2017/7/22,76,26,42,7,12,3
2017/7/23,79,24,44,7,13,3
2017/7/24,75,18,23,7,11,2
2017/7/25,75,29,50,6,12,3
2017/7/26,84,30,24,7,12,3
2017/7/27,92,25,27,7,12,3
2017/7/28,74,26,46,6,14,3
2017/7/29,82,39,49,9,9,3
2017/7/30,96,35,53,6,9,3
2017/7/31,98,44,52,7,9,4
2017/8/1,118,36,59,8,11,5
2017/8/2,88,28,45,8,12,4
2017/8/3,68,30,47,7,10,4
2017/8/4,77,32,43,6,11,4
2017/8/5,94,29,46,6,10,4
2017/8/6,90,37,50,6,7,3
2017/8/7,105,31,50,8,3,2
2017/8/8,72,27,54,7,1,3
2017/8/9,85,32,36,7,,2
2017/8/10,94,30,44,6,1,3
2017/8/11,91,39,50,10,,2
2017/8/12,112,44,56,6,1,4
2017/8/13,112,42,48,7,2,3
2017/8/14,108,38,46,6,1,3
2017/8/15,102,41,48,8,1,4
2017/8/16,114,37,50,8,2,4
2017/8/17,123,30,36,8,2,4
2017/8/18,76,27,45,6,2,3
2017/8/19,89,39,53,6,3,3
2017/8/20,109,20,43,11,5,5
2017/8/21,88,56,63,13,14,4
2017/8/22,96,22,45,9,11,3
2017/8/23,80,30,42,11,12,1
2017/8/24,90,22,42,16,23,2
2017/8/25,70,34,39,14,18,1
2017/8/26,66,30,44,12,8,1
2017/8/27,90,30,33,12,5,2
2017/8/28,83,32,37,16,4,
2017/8/29,93,31,31,10,8,2
2017/8/30,77,22,32,9,11,2
2017/8/31,77,24,34,8,7,2
2017/9/1,86,29,31,9,9,5
2017/9/2,79,45,35,11,14,4
2017/9/3,110,26,32,9,7,3
2017/9/4,84,21,28,8,5,3
2017/9/5,70,20,27,5,3,1
2017/9/6,73,,,,,
2017/9/11,91,47,38,9,7,4
2017/9/12,112,41,36,8,12,4
2017/9/13,103,37,36,8,13,4
2017/9/14,100,33,37,7,9,4
2017/9/15,91,38,35,8,12,5
2017/9/16,96,44,34,11,11,5
2017/9/17,108,41,32,9,4,5
2017/9/18,102,23,37,9,6,3
2017/9/19,73,29,35,8,3,3
2017/9/20,88,49,57,10,3,4
2017/9/21,109,52,48,8,4,4
2017/9/22,133,45,45,8,13,5
2017/9/23,108,48,46,7,9,4
2017/9/24,117,51,52,8,3,5
2017/9/25,117,56,47,9,5,5
2017/9/26,117,25,43,8,6,3
2017/9/27,82,32,38,9,3,4
2017/9/28,83,48,43,9,3,5
2017/9/29,121,64,54,8,6,5
2017/9/30,152,46,45,8,4,5
2017/4/1,123,56,25,11,2,5
2017/4/2,147,49,22,12,2,5
2017/4/3,139,54,32,11,3,6
2017/4/4,125,81,21,16,4,9
2017/4/5,163,81,25,16,4,9
2017/4/6,161,67,25,13,3,8
2017/4/7,153,55,12,14,3,5
2017/4/8,151,,15,8,2,
2017/4/9,74,36,23,9,2,6
2017/4/10,87,39,23,8,1,4
2017/4/11,95,34,29,8,2,3
2017/4/12,84,50,30,11,3,5
2017/4/13,111,58,38,10,4,5
2017/4/14,129,71,42,17,3,6
2017/4/15,141,30,22,9,2,6
2017/4/16,87,43,24,10,2,6
2017/4/17,82,63,27,13,4,7
2017/4/18,116,77,41,10,3,7
2017/4/19,135,54,27,9,2,6
2017/4/20,116,32,28,9,2,4
2017/4/21,85,43,32,9,3,5
2017/4/22,104,55,35,9,3,5
2017/4/23,132,59,33,11,2,5
2017/4/24,147,29,31,8,3,5
2017/4/25,94,30,28,8,2,5
2017/4/26,87,25,27,6,1,4
2017/4/27,85,31,33,8,3,6
2017/4/28,84,50,39,10,4,6
2017/4/29,119,64,40,9,3,6
2017/4/30,148,61,41,9,4,7
2017/5/1,149,73,40,11,4,8
2017/5/2,159,67,28,9,3,7
2017/5/3,160,,,,,
2017/5/14,125,48,38,9,4,4
2017/5/15,114,40,36,10,1,4
2017/5/16,92,63,38,9,4,4
2017/5/17,128,49,53,8,2,4
2017/5/18,133,75,56,11,3,5
2017/5/19,163,81,48,8,4,6
2017/5/20,173,37,43,8,8,4
2017/5/21,94,30,31,8,1,3
2017/5/22,85,27,33,10,4,3
2017/5/23,71,44,29,11,1,4
2017/5/24,99,32,36,10,1,3
2017/5/25,80,39,50,8,2,4
2017/5/26,103,57,59,13,4,4
2017/5/27,139,57,58,10,3,4
2017/5/28,142,44,45,10,7,4
2017/5/29,115,50,42,10,9,4
2017/5/30,134,47,39,11,3,4
2017/5/31,115,45,38,8,3,4
2017/6/1,112,51,74,10,3,4
2017/6/2,129,51,53,10,6,4
2017/6/3,137,37,26,12,6,4
2017/6/4,111,33,38,11,5,4
2017/6/5,99,44,49,12,5,4
2017/6/6,130,54,50,12,4,4
2017/6/7,150,52,36,13,4,10
2017/6/8,129,45,34,13,6,4
2017/6/9,131,34,26,14,4,3
2017/6/10,98,35,40,14,3,4
2017/6/11,99,56,31,18,4,4
2017/6/12,146,47,28,17,3,6
2017/6/13,138,38,29,12,8,3
2017/6/14,110,23,30,12,7,2
2017/6/15,92,34,27,12,9,2
2017/6/16,93,53,32,14,6,3
2017/6/17,135,48,29,12,10,3
2017/6/18,126,33,34,8,7,2
2017/6/19,100,55,28,13,6,3
2017/6/20,146,54,33,10,4,3
2017/6/21,147,46,21,9,6,2
2017/6/22,133,46,22,13,5,3
2017/6/23,130,37,21,10,6,2
2017/6/24,104,37,26,9,1,2
2017/6/25,99,36,37,10,2,1
2017/6/26,101,40,42,10,2,2
2017/6/27,114,42,30,10,1,2
2017/6/28,121,47,41,10,1,2
2017/6/29,137,58,34,12,2,3
2017/6/30,149,50,43,11,2,3
2017/1/2,164,112,22,21,4,11
2017/1/3,190,183,21,23,5,12
2017/1/4,239,120,29,14,6,10
2017/1/5,198,155,18,26,4,14
2017/1/6,224,120,19,18,3,13
2017/1/7,191,64,22,10,3,10
2017/1/8,158,65,19,12,5,9
2017/1/9,159,31,24,11,3,7
2017/1/10,120,56,27,10,5,6
2017/1/11,152,39,28,9,3,5
2017/1/12,126,46,33,11,4,5
2017/1/13,135,84,30,16,6,8
2017/1/14,173,105,25,18,5,9
2017/1/15,189,78,32,15,4,8
2017/1/16,169,53,35,11,4,6
2017/1/17,144,79,28,13,5,6
2017/1/18,166,78,27,13,3,6
2017/1/19,167,63,26,8,3,5
2017/1/20,146,67,31,8,3,6
2017/1/21,161,107,28,15,4,9
2017/1/22,185,102,33,10,3,8
2017/1/23,183,127,31,12,4,10
2017/1/24,199,94,26,9,2,9
2017/1/25,179,96,26,11,3,10
2017/1/26,176,90,27,6,3,8
2017/1/27,166,155,29,9,6,8
2017/1/28,196,97,31,8,4,7
2017/1/29,160,83,31,9,4,7
2017/1/30,160,56,36,7,2,7
2017/1/31,136,47,27,7,2,8
2017/2/1,135,40,28,8,2,8
2017/2/2,121,60,24,9,2,9
2017/2/3,153,69,18,11,2,10
2017/2/4,158,66,21,12,2,10
2017/2/5,157,73,22,12,2,10
2017/2/6,161,55,26,8,1,10
2017/2/7,117,49,26,9,3,7
2017/2/8,95,55,23,12,3,7
2017/2/9,135,59,28,9,2,6
2017/2/10,147,47,30,9,1,6
2017/2/11,140,68,30,10,1,7
2017/2/12,153,82,21,16,2,8
2017/2/13,168,77,29,11,3,8
2017/2/14,162,79,31,11,3,9
2017/2/15,168,108,30,15,4,10
2017/2/16,188,90,32,11,3,8
2017/2/17,168,81,34,11,5,8
2017/2/18,163,109,36,13,4,10
2017/2/19,188,126,30,15,3,11
2017/2/20,194,117,18,18,3,10
2017/2/21,141,70,19,11,2,5
2017/2/22,123,45,28,7,2,2
2017/2/23,102,56,26,9,2,2
2017/2/24,107,46,32,7,3,2
2017/2/25,100,60,29,13,2,4
2017/2/26,152,66,31,8,4,4
2017/2/27,155,77,37,9,4,4
2017/2/28,165,69,29,8,2,3
2017/3/1,149,52,29,9,3,3
2017/3/2,133,63,29,9,2,4
2017/3/3,152,66,30,8,2,4
2017/3/4,157,56,28,9,3,3
2017/3/5,127,46,26,6,2,3
2017/3/6,111,48,27,6,2,3
2017/3/7,118,65,31,10,3,4
2017/3/8,143,48,27,11,2,5
2017/3/9,128,40,22,11,2,5
2017/3/10,115,53,18,13,2,5
2017/3/11,132,49,17,10,2,5
2017/3/12,122,21,26,9,2,6
2017/3/13,82,41,19,14,2,6
2017/3/14,117,56,27,12,2,6
2017/3/15,147,66,24,12,3,7
2017/3/16,158,68,22,10,1,6
2017/3/17,121,59,26,11,2,6
2017/3/18,109,57,19,13,2,7
2017/3/19,144,57,34,7,3,6
2017/3/20,123,69,27,13,2,8
2017/3/21,160,54,19,15,3,8
2017/3/22,142,51,15,18,2,8
2017/3/23,109,43,23,9,1,5
2017/3/24,86,37,29,7,2,4
2017/3/25,92,52,23,13,3,4
2017/3/26,115,45,28,9,3,5
2017/3/27,107,68,22,19,2,5
2017/3/28,150,66,30,12,4,4
2017/3/29,149,40,25,9,2,5
2017/3/30,112,42,28,10,3,4
2017/3/31,105,50,24,12,3,4
2016/10/1,71,36,32,8,5,6
2016/10/2,86,56,46,8,6,7
2016/10/3,127,67,34,10,5,7
2016/10/4,152,,33,8,4,3
2016/10/6,101,30,37,8,4,4
2016/10/7,79,10,35,6,6,3
2016/10/8,56,9,36,8,6,3
2016/10/9,54,9,38,9,6,4
2016/10/10,50,27,35,11,7,4
2016/10/11,72,9,35,16,9,3
2016/10/12,66,33,18,10,5,5
2016/10/13,78,64,16,11,5,6
2016/10/14,131,59,27,11,6,6
2016/10/15,121,35,26,9,4,6
2016/10/16,119,20,24,8,7,4
2016/10/17,103,64,31,12,4,6
2016/10/18,143,38,22,11,4,6
2016/10/19,140,38,20,16,3,6
2016/10/20,148,56,16,16,5,7
2016/10/21,160,76,18,15,3,9
2016/10/22,172,27,17,15,1,5
2016/10/23,112,51,21,15,2,5
2016/10/24,121,31,16,13,4,5
2016/10/25,113,43,17,13,3,5
2016/10/26,122,55,17,15,4,7
2016/10/27,138,33,19,13,9,5
2016/10/28,95,59,25,13,1,4
2016/10/29,128,90,25,14,4,5
2016/10/30,159,72,20,14,9,5
2016/10/31,141,65,14,20,4,5
2016/11/1,131,74,19,15,3,6
2016/11/2,148,93,21,11,4,8
2016/11/3,162,95,20,17,3,7
2016/11/4,165,124,20,14,3,9
2016/11/5,180,119,21,25,4,9
2016/11/6,170,59,23,12,8,5
2016/11/7,108,71,13,13,4,4
2016/11/8,118,64,16,16,9,4
2016/11/9,126,68,13,21,3,4
2016/11/10,138,84,12,19,4,5
2016/11/11,154,67,15,18,3,5
2016/11/12,133,98,16,19,2,7
2016/11/13,165,114,13,24,1,7
2016/11/14,176,121,16,18,3,8
2016/11/15,176,98,21,18,1,8
2016/11/16,159,84,23,14,2,7
2016/11/17,150,120,34,16,2,8
2016/11/18,178,112,16,18,3,8
2016/11/19,171,80,24,21,4,5
2016/11/20,141,91,19,19,4,6
2016/11/21,140,72,26,15,5,6
2016/11/22,124,58,21,13,1,5
2016/11/23,120,80,16,15,5,5
2016/11/24,155,76,16,15,1,5
2016/11/25,158,69,21,11,4,4
2016/11/26,136,87,14,16,1,5
2016/11/27,151,107,16,14,3,6
2016/11/28,169,70,16,11,1,6
2016/11/29,169,2,23,12,1,4
2016/11/30,140,102,15,25,3,6
2016/12/1,168,69,19,14,1,6
2016/12/2,156,83,18,13,1,6
2016/12/3,172,78,16,13,3,7
2016/12/4,163,86,15,13,4,8
2016/12/5,161,46,57,10,4,5
2016/12/6,125,70,27,13,4,7
2016/12/7,164,82,27,15,3,7
2016/12/8,173,96,30,12,4,8
2016/12/9,179,74,26,12,6,6
2016/12/10,164,81,19,14,3,8
2016/12/11,166,63,19,15,3,8
2016/12/12,156,68,15,17,6,9
2016/12/13,162,37,23,10,2,6
2016/12/14,131,58,18,17,11,7
2016/12/15,148,64,18,12,3,5
2016/12/16,155,85,18,15,2,8
2016/12/17,167,59,22,13,7,8
2016/12/18,154,88,21,16,3,9
2016/12/19,168,92,14,17,5,9
2016/12/20,171,81,17,15,3,9
2016/12/21,162,77,15,15,5,9
2016/12/22,163,110,12,21,5,11
2016/12/23,184,101,19,15,8,9
2016/12/24,179,45,21,13,3,7
2016/12/25,135,37,20,9,6,6
2016/12/26,117,53,25,13,4,5
2016/12/27,139,80,27,17,6,6
2016/12/28,164,82,26,11,4,6
2016/12/29,169,106,24,16,6,7
2016/12/30,180,119,20,20,4,9
2016/12/31,191,,,,,
2016/7/1,55,23,13,4,13,5
2016/7/2,58,35,12,4,14,6
2016/7/3,85,46,15,5,13,7
2016/7/4,97,23,18,5,14,6
2016/7/5,58,,,,,
2016/7/15,44,35,78,8,7,10
2016/7/16,75,38,87,8,9,10
2016/7/17,83,34,45,8,12,10
2016/7/18,82,26,40,6,11,10
2016/7/19,68,19,38,5,10,9
2016/7/20,55,33,28,7,11,10
2016/7/21,76,14,34,7,13,9
2016/7/22,45,5,37,6,13,9
2016/7/23,28,16,30,8,13,8
2016/7/24,45,14,35,7,12,9
2016/7/25,45,21,34,6,12,9
2016/7/26,59,9,36,6,12,8
2016/7/27,32,37,35,7,9,9
2016/7/28,77,23,34,7,11,8
2016/7/29,72,21,30,6,11,8
2016/7/30,66,31,65,7,7,9
2016/7/31,72,31,43,8,5,9
2016/8/1,79,36,40,8,6,9
2016/8/2,81,36,20,10,8,9
2016/8/3,82,20,20,10,5,8
2016/8/4,62,13,31,8,5,8
2016/8/5,39,20,39,7,5,8
2016/8/6,52,19,20,7,5,8
2016/8/7,56,21,22,9,4,8
2016/8/8,58,24,25,9,5,9
2016/8/9,62,,41,8,6,9
2016/8/10,56,,29,8,5,9
2016/8/11,57,,46,6,6,10
2016/8/12,82,,26,9,4,10
2016/8/13,86,,21,10,7,10
2016/8/14,103,,16,8,4,9
2016/8/15,99,,26,9,5,9
2016/8/16,66,,18,8,4,9
2016/8/17,79,27,14,8,6,9
2016/8/18,100,32,19,9,5,5
2016/8/19,85,40,18,10,9,5
2016/8/20,91,39,15,8,5,5
2016/8/21,112,37,13,9,7,5
2016/8/22,95,44,13,10,4,6
2016/8/23,100,51,11,9,6,6
2016/8/24,106,50,12,8,6,6
2016/8/25,100,25,17,6,5,4
2016/8/26,34,,17,9,5,4
2016/8/27,55,,19,7,5,4
2016/8/28,74,15,11,6,9,4
2016/8/29,52,12,10,7,13,4
2016/8/30,46,23,10,9,13,4
2016/8/31,55,39,12,10,10,5
2016/9/1,82,47,13,7,12,5
2016/9/2,93,24,9,6,13,3
2016/9/3,54,14,9,7,12,3
2016/9/4,50,8,12,8,13,3
2016/9/5,42,17,12,9,13,3
2016/9/6,59,27,12,8,14,4
2016/9/7,63,12,9,9,13,3
2016/9/8,39,20,9,11,12,3
2016/9/9,59,23,8,9,13,3
2016/9/10,68,25,9,9,15,3
2016/9/11,69,44,12,9,13,4
2016/9/12,88,18,8,9,13,3
2016/9/13,57,27,37,8,10,4
2016/9/14,76,14,34,8,9,4
2016/9/15,64,34,27,9,12,5
2016/9/16,92,26,44,7,8,5
2016/9/17,79,12,41,7,6,5
2016/9/18,51,6,39,6,6,3
2016/9/19,36,14,30,8,5,4
2016/9/20,61,16,27,6,8,5
2016/9/21,65,23,22,10,11,6
2016/9/22,67,16,23,13,9,5
2016/9/23,65,22,25,11,8,4
2016/9/24,70,33,28,13,5,5
2016/9/25,85,,24,12,7,7
2016/9/26,98,,21,10,8,4
2016/9/27,56,,25,10,8,4
2016/9/28,52,34,26,11,6,6
2016/9/29,82,20,37,10,7,6
2016/9/30,69,31,36,9,6,5
2016/4/1,147,88,41,11,1,5
2016/4/2,162,68,57,6,2,4
2016/4/3,148,89,49,12,1,6
2016/4/4,162,48,37,6,2,5
2016/4/5,107,5,34,5,2,3
2016/4/6,55,17,30,5,1,3
2016/4/7,68,22,37,5,1,2
2016/4/8,91,11,37,4,2,2
2016/4/9,55,26,38,5,1,3
2016/4/10,80,58,32,5,1,3
2016/4/11,131,37,34,6,1,3
2016/4/12,100,49,34,6,1,4
2016/4/13,110,13,39,6,1,2
2016/4/14,73,20,31,5,2,2
2016/4/15,72,11,35,6,1,2
2016/4/16,54,23,37,7,2,1
2016/4/17,67,41,35,5,6,2
2016/4/18,84,47,35,5,4,2
2016/4/19,104,21,41,5,3,2
2016/4/20,71,44,30,9,7,3
2016/4/21,98,27,34,5,4,2
2016/4/22,82,23,33,4,3,1
2016/4/23,94,14,34,6,4,1
2016/4/24,58,41,31,9,4,3
2016/4/25,106,50,35,8,4,3
2016/4/26,121,23,26,6,3,2
2016/4/27,72,13,35,5,3,1
2016/4/28,64,13,31,4,3,1
2016/4/29,63,19,39,6,4,2
2016/4/30,72,40,51,6,5,3
2016/5/1,108,54,55,5,5,4
2016/5/2,135,79,51,7,6,5
2016/5/3,146,69,56,6,5,4
2016/5/4,145,63,52,6,4,5
2016/5/5,151,34,47,5,3,5
2016/5/6,93,18,32,5,3,4
2016/5/7,67,27,31,5,3,4
2016/5/8,70,20,40,6,4,4
2016/5/9,71,45,51,8,6,5
2016/5/10,118,60,64,7,6,6
2016/5/11,142,85,52,8,4,7
2016/5/12,167,76,6,8,2,4
2016/5/13,123,35,9,8,3,4
2016/5/14,67,22,6,8,3,2
2016/5/15,54,66,6,7,3,4
2016/5/16,112,54,6,7,3,4
2016/5/17,108,60,6,7,2,4
2016/5/18,127,62,6,7,3,5
2016/5/19,149,60,6,7,2,5
2016/5/20,143,37,6,8,3,5
2016/5/21,99,5,6,7,3,5
2016/5/22,69,3,6,8,3,3
2016/5/23,36,16,6,7,2,4
2016/5/24,63,31,6,7,3,5
2016/5/25,103,4,6,8,3,3
2016/5/26,42,27,6,8,3,3
2016/5/27,70,32,6,7,3,4
2016/5/28,85,46,2,7,3,4
2016/5/29,118,64,,,,6
2016/5/30,139,54,54,7,7,5
2016/5/31,107,32,56,8,9,5
2016/6/1,85,18,41,7,12,5
2016/6/2,41,16,62,7,10,5
2016/6/3,48,47,62,10,11,7
2016/6/4,101,45,57,8,11,7
2016/6/5,78,40,56,8,13,6
2016/6/6,97,13,55,8,11,6
2016/6/7,54,23,38,8,12,5
2016/6/8,74,7,34,8,12,4
2016/6/9,37,13,33,7,12,5
2016/6/10,51,17,45,8,12,4
2016/6/11,56,28,45,8,11,5
2016/6/12,73,43,44,9,10,6
2016/6/13,104,45,19,9,10,7
2016/6/14,123,19,19,9,12,4
2016/6/15,50,25,49,9,9,4
2016/6/16,57,45,57,8,8,5
2016/6/17,85,56,33,7,10,6
2016/6/18,111,28,30,6,11,6
2016/6/19,80,33,23,5,11,6
2016/6/20,91,22,17,3,13,6
2016/6/21,67,28,10,3,13,6
2016/6/22,77,36,11,4,13,7
2016/6/23,99,15,11,3,13,5
2016/6/24,48,21,11,4,12,5
2016/6/25,38,34,12,5,13,6
2016/6/26,81,48,9,3,13,7
2016/6/27,95,43,10,3,14,7
2016/6/28,88,47,12,4,14,6
2016/6/29,111,33,12,5,13,6
2016/6/30,57,21,13,4,13,5
2016/1/4,131,100,22,15,2,23
2016/1/5,159,118,22,14,2,24
2016/1/6,161,57,30,8,2,19
2016/1/7,120,76,20,13,3,21
2016/1/8,137,59,22,11,2,22
2016/1/9,116,53,19,11,2,24
2016/1/10,112,30,24,7,2,21
2016/1/11,88,26,27,5,3,21
2016/1/12,77,40,24,8,2,22
2016/1/13,100,54,26,9,2,22
2016/1/14,114,49,36,7,2,19
2016/1/15,108,92,34,8,5,22
2016/1/16,157,,,,,
2016/1/18,143,62,26,9,5,85
2016/1/19,121,42,73,7,3,7
2016/1/20,96,44,60,8,3,5
2016/1/21,94,71,7,8,3,7
2016/1/22,132,34,7,8,3,2
2016/1/23,75,35,7,8,3,2
2016/1/24,77,68,6,8,3,3
2016/1/25,95,62,6,8,3,4
2016/1/26,118,67,6,8,3,5
2016/1/27,138,85,6,8,3,6
2016/1/28,160,101,6,8,3,8
2016/1/29,170,112,6,8,3,8
2016/1/30,174,53,6,8,3,6
2016/1/31,124,53,6,8,3,8
2016/2/1,126,87,6,8,3,10
2016/2/2,165,108,6,8,3,12
2016/2/3,171,46,6,8,3,11
2016/2/4,114,61,6,8,3,11
2016/2/5,140,42,6,8,3,8
2016/2/6,106,41,24,8,3,7
2016/2/7,105,78,11,8,3,8
2016/2/8,159,68,42,8,3,8
2016/2/9,153,76,48,8,3,10
2016/2/10,159,76,42,7,3,9
2016/2/11,160,79,46,7,3,9
2016/2/12,161,41,8,8,3,6
2016/2/13,78,58,7,8,3,5
2016/2/14,94,56,6,8,3,4
2016/2/15,113,60,6,8,3,
2016/2/16,127,64,6,8,3,
2016/2/17,145,75,6,8,3,2
2016/2/18,156,84,14,8,3,2
2016/2/19,151,100,6,8,3,1
2016/2/20,141,94,6,8,3,1
2016/2/21,137,24,6,8,3,1
2016/2/22,59,18,6,8,3,
2016/2/23,68,14,6,8,3,
2016/2/24,63,34,6,8,3,1
2016/2/25,93,35,15,8,3,
2016/2/26,97,56,26,8,3,1
2016/2/27,119,77,52,7,3,2
2016/2/28,156,78,67,7,3,1
2016/2/29,158,82,88,6,2,1
2016/3/1,161,74,84,7,2,1
2016/3/2,156,70,79,7,4,2
2016/3/3,147,83,91,9,3,3
2016/3/4,155,99,73,7,4,3
2016/3/5,160,124,59,15,4,4
2016/3/6,162,97,43,17,2,4
2016/3/7,153,50,71,8,3,2
2016/3/8,100,16,7,8,3,2
2016/3/9,60,32,6,8,3,3
2016/3/10,82,65,6,8,3,2
2016/3/11,140,84,6,8,3,4
2016/3/12,154,40,6,8,3,2
2016/3/13,83,67,6,8,3,1
2016/3/14,98,84,6,8,3,3
2016/3/15,140,77,11,8,3,4
2016/3/16,145,65,6,8,3,3
2016/3/17,139,36,54,7,3,3
2016/3/18,97,64,63,8,3,4
2016/3/19,137,89,66,13,3,6
2016/3/20,160,41,72,8,3,5
2016/3/21,99,5,12,8,3,4
2016/3/22,46,3,7,8,3,3
2016/3/23,33,12,40,7,3,4
2016/3/24,62,33,62,7,3,4
2016/3/25,97,48,7,8,3,3
2016/3/26,108,37,6,8,3,1
2016/3/27,81,48,15,8,3,3
2016/3/28,107,49,7,8,3,2
2016/3/29,115,20,61,7,2,1
2016/3/30,71,59,49,9,3,3
2016/3/31,126,78,40,8,3,4
2015/10/1,67,63,44,12,3,3
2015/10/2,135,43,28,8,4,2
2015/10/3,100,43,32,6,3,3
2015/10/4,104,72,13,13,4,4
2015/10/5,151,72,24,9,4,4
2015/10/6,151,39,29,7,3,3
2015/10/7,106,38,23,8,3,2
2015/10/8,102,12,27,6,3,1
2015/10/9,63,16,30,9,3,2
2015/10/10,66,32,38,8,4,2
2015/10/11,96,42,46,7,3,3
2015/10/12,113,66,49,10,3,4
2015/10/13,148,65,57,8,3,4
2015/10/14,143,96,56,8,3,6
2015/10/15,169,109,40,12,3,7
2015/10/16,176,77,28,9,2,6
2015/10/17,132,23,41,7,3,3
2015/10/18,79,36,39,8,3,4
2015/10/19,101,64,42,12,3,6
2015/10/20,145,93,41,15,2,8
2015/10/21,167,46,38,7,3,5
2015/10/22,113,28,28,7,3,4
2015/10/23,86,35,29,7,3,5
2015/10/24,94,36,30,7,3,6
2015/10/25,93,16,25,7,3,6
2015/10/26,64,9,25,7,3,3
2015/10/27,45,38,41,10,3,4
2015/10/28,98,60,32,12,3,5
2015/10/29,132,42,23,10,3,4
2015/10/30,107,6,26,7,3,3
2015/10/31,57,4,30,7,3,4
2015/11/1,57,,23,11,2,6
2015/11/2,114,64,18,10,3,6
2015/11/3,131,54,22,14,11,16
2015/11/4,117,47,34,10,4,6
2015/11/5,115,55,46,8,5,6
2015/11/6,112,62,35,17,6,8
2015/11/7,104,12,73,9,5,7
2015/11/8,51,45,45,13,5,8
2015/11/9,91,37,43,8,4,7
2015/11/10,79,31,22,14,3,8
2015/11/11,67,5,18,9,3,8
2015/11/12,42,37,18,13,3,9
2015/11/13,74,42,15,19,3,10
2015/11/14,77,5,24,10,3,9
2015/11/15,46,33,27,14,4,8
2015/11/16,74,28,31,9,3,7
2015/11/17,62,24,29,11,4,7
2015/11/18,69,40,21,18,4,10
2015/11/19,85,55,25,21,5,8
2015/11/20,80,49,32,13,4,2
2015/11/21,80,32,39,8,3,
2015/11/22,64,30,27,11,3,1
2015/11/23,60,4,20,9,3,2
2015/11/24,35,11,31,10,3,1
2015/11/25,55,53,30,17,4,
2015/11/26,94,104,21,24,6,2
2015/11/27,121,,22,17,3,
2015/11/28,73,84,27,15,4,1
2015/11/29,68,59,23,16,5,
2015/11/30,99,37,11,23,3,1
2015/12/1,74,25,8,14,4,3
2015/12/2,70,62,28,15,5,12
2015/12/3,99,16,22,9,1,3
2015/12/4,58,31,19,8,2,3
2015/12/5,70,49,17,8,2,4
2015/12/6,84,70,11,16,3,7
2015/12/7,100,76,13,12,2,6
2015/12/8,111,82,14,16,2,9
2015/12/9,120,79,16,11,1,6
2015/12/10,113,63,17,11,3,6
2015/12/11,120,29,16,11,2,4
2015/12/12,64,11,16,6,3,5
2015/12/13,53,24,21,9,2,3
2015/12/14,72,21,21,10,2,
2015/12/15,65,24,26,11,2,1
2015/12/16,64,58,12,15,3,2
2015/12/17,106,60,24,9,2,1
2015/12/18,115,55,17,12,3,2
2015/12/19,114,66,17,15,2,3
2015/12/20,126,71,18,13,3,4
2015/12/21,139,55,25,9,2,4
2015/12/22,120,93,24,22,2,9
2015/12/23,157,49,30,8,2,3
2015/12/24,105,58,32,10,2,
2015/12/25,114,64,34,11,3,9
2015/12/26,131,89,37,16,3,8
2015/12/27,157,120,22,21,3,11
2015/12/28,173,142,29,18,2,13
2015/12/29,186,109,35,14,2,13
2015/12/30,169,163,16,22,3,19
2015/12/31,190,,,,,
2016/1/3,166,64,28,9,3,22
2015/7/1,48,24,15,7,2,4
2015/7/2,52,10,12,6,2,3
2015/7/3,41,10,22,8,5,3
2015/7/4,39,17,27,9,6,4
2015/7/5,57,33,26,8,4,5
2015/7/6,68,39,37,8,4,6
2015/7/7,87,37,40,8,3,6
2015/7/8,86,16,25,7,3,5
2015/7/9,56,16,32,10,4,5
2015/7/10,53,30,36,9,4,5
2015/7/11,76,44,29,8,4,5
2015/7/12,89,26,25,5,3,2
2015/7/13,71,19,22,6,3,1
2015/7/14,52,16,6,5,2,
2015/7/15,48,35,44,8,8,3
2015/7/16,98,29,52,7,5,2
2015/7/17,82,29,52,6,4,4
2015/7/18,71,35,49,6,3,4
2015/7/19,80,40,21,6,3,4
2015/7/20,93,15,9,5,4,5
2015/7/21,53,25,7,13,4,5
2015/7/22,61,15,15,6,4,4
2015/7/23,53,14,19,6,4,3
2015/7/24,48,22,15,6,3,4
2015/7/25,57,41,11,7,3,5
2015/7/26,74,44,7,6,3,5
2015/7/27,82,32,11,7,3,4
2015/7/28,77,36,41,5,6,5
2015/7/29,77,38,34,6,6,5
2015/7/30,87,19,35,6,7,4
2015/7/31,66,37,38,6,7,5
2015/8/1,86,37,34,6,7,4
2015/8/2,83,35,28,7,6,5
2015/8/3,81,7,29,7,5,5
2015/8/4,48,8,42,6,5,4
2015/8/5,50,26,79,12,5,4
2015/8/6,68,21,25,26,7,4
2015/8/7,61,14,28,6,8,5
2015/8/8,47,9,38,6,22,4
2015/8/9,40,8,28,6,3,3
2015/8/10,44,25,38,8,4,3
2015/8/11,65,46,23,13,3,4
2015/8/12,90,46,30,7,1,8
2015/8/13,82,29,26,5,1,6
2015/8/14,58,14,28,6,2,4
2015/8/15,40,20,21,8,8,5
2015/8/16,48,5,37,5,4,4
2015/8/17,30,8,52,8,3,3
2015/8/18,30,10,53,8,2,3
2015/8/19,35,25,41,8,4,3
2015/8/20,47,31,41,8,4,4
2015/8/21,56,32,43,7,3,4
2015/8/22,63,49,53,7,1,5
2015/8/23,77,44,49,6,,6
2015/8/24,83,21,46,10,1,4
2015/8/25,53,37,44,11,2,5
2015/8/26,68,18,48,15,10,5
2015/8/27,53,19,41,8,2,5
2015/8/28,50,27,36,8,2,5
2015/8/29,61,26,40,6,1,5
2015/8/30,60,26,28,4,2,4
2015/8/31,60,26,25,6,2,4
2015/9/1,55,17,30,6,2,4
2015/9/2,48,17,43,6,2,5
2015/9/3,46,36,37,8,1,6
2015/9/4,69,12,29,8,2,5
2015/9/5,39,9,31,4,1,3
2015/9/6,34,22,36,6,1,4
2015/9/7,54,21,32,10,1,5
2015/9/8,59,11,34,9,1,6
2015/9/9,82,12,34,8,2,6
2015/9/10,64,5,28,7,1,4
2015/9/11,46,11,33,11,18,12
2015/9/12,71,17,34,7,4,4
2015/9/13,67,44,44,5,5,2
2015/9/14,144,70,36,7,4,3
2015/9/15,152,45,31,7,4,3
2015/9/16,123,13,30,10,3,3
2015/9/17,70,7,31,9,4,2
2015/9/18,62,9,29,8,3,2
2015/9/19,67,18,40,5,3,2
2015/9/20,81,26,34,7,3,3
2015/9/21,84,19,24,8,3,4
2015/9/22,77,19,31,8,3,3
2015/9/23,71,10,28,7,4,2
2015/9/24,56,12,22,8,4,1
2015/9/25,58,35,27,12,4,3
2015/9/26,90,25,27,8,4,3
2015/9/27,85,19,26,9,3,4
2015/9/28,68,37,31,10,3,5
2015/9/29,97,37,35,8,3,6
2015/9/30,100,21,27,8,3,4
2015/4/1,145,50,13,8,5,27
2015/4/2,103,43,11,14,13,3
2015/4/3,73,53,30,14,9,24
2015/4/4,82,35,11,6,6,2
2015/4/5,64,29,13,8,6,2
2015/4/6,55,17,12,5,6,2
2015/4/7,51,32,12,6,6,4
2015/4/8,75,34,13,5,6,5
2015/4/9,76,27,9,7,6,3
2015/4/10,56,40,10,8,6,3
2015/4/11,73,54,14,8,6,4
2015/4/12,90,66,15,10,6,4
2015/4/13,99,73,15,12,7,5
2015/4/14,112,64,16,7,6,5
2015/4/15,117,70,21,7,7,5
2015/4/16,123,80,23,8,6,6
2015/4/17,142,79,10,17,5,6
2015/4/18,127,26,13,5,5,3
2015/4/19,80,28,11,5,6,3
2015/4/20,86,35,14,6,6,3
2015/4/21,64,18,10,6,6,3
2015/4/22,114,24,9,7,6,4
2015/4/23,48,41,19,7,7,5
2015/4/24,74,74,21,9,7,7
2015/4/25,137,79,26,10,7,7
2015/4/26,148,73,27,8,6,7
2015/4/27,137,58,25,7,7,6
2015/4/28,99,62,22,7,6,6
2015/4/29,103,62,23,6,7,6
2015/4/30,109,42,18,4,6,4
2015/5/1,71,54,18,4,8,3
2015/5/3,52,22,15,4,6,2
2015/5/4,50,44,19,6,6,3
2015/5/5,90,61,21,4,7,5
2015/5/6,139,62,21,4,8,5
2015/5/7,140,39,19,5,6,4
2015/5/8,71,50,22,6,8,4
2015/5/9,97,62,24,6,9,5
2015/5/10,126,78,16,4,8,3
2015/5/11,149,90,20,4,8,4
2015/5/12,148,84,23,6,10,5
2015/5/13,140,83,29,7,11,6
2015/5/14,157,46,27,6,9,5
2015/5/15,103,51,21,9,9,5
2015/5/16,128,16,20,5,8,4
2015/5/17,86,31,20,5,8,4
2015/5/18,83,41,69,5,9,5
2015/5/19,96,42,69,2,10,5
2015/5/20,109,23,86,2,10,4
2015/5/21,61,8,21,1,6,3
2015/5/22,209,,20,2,7,3
2015/5/23,168,,23,3,6,5
2015/5/24,104,39,14,2,4,4
2015/5/25,99,32,25,3,5,5
2015/5/26,109,36,23,4,5,6
2015/5/27,83,39,11,5,4,6
2015/5/28,89,11,13,2,4,4
2015/5/29,130,15,33,4,4,4
2015/5/30,123,25,43,13,5,5
2015/5/31,60,27,13,10,9,5
2015/6/1,57,17,22,10,8,5
2015/6/2,49,17,41,4,4,5
2015/6/3,45,21,41,8,7,6
2015/6/4,58,16,41,5,4,4
2015/6/5,50,37,39,5,4,5
2015/6/6,91,50,50,3,4,6
2015/6/7,116,,,,,
2015/6/10,117,47,45,1,2,8
2015/6/11,92,49,46,3,2,8
2015/6/12,82,27,59,1,2,7
2015/6/13,62,41,73,1,2,6
2015/6/14,86,57,53,3,2,7
2015/6/15,127,54,53,2,2,7
2015/6/16,113,25,53,1,2,6
2015/6/17,63,17,60,1,2,4
2015/6/18,56,25,56,2,3,5
2015/6/19,79,16,65,2,3,5
2015/6/20,70,13,67,2,3,5
2015/6/21,48,25,50,1,4,6
2015/6/22,86,22,65,1,4,6
2015/6/23,75,12,46,2,4,6
2015/6/24,40,12,19,1,2,5
2015/6/25,41,13,27,5,3,5
2015/6/26,47,34,31,7,3,7
2015/6/27,82,30,24,6,3,6
2015/6/28,71,24,12,10,2,6
2015/6/29,59,20,10,6,2,4
2015/6/30,48,20,12,6,2,4
2015/1/1,170,86,8,13,9,12
2015/1/2,162,76,9,7,8,11
2015/1/3,150,105,10,10,9,13
2015/1/4,174,62,9,6,6,11
2015/1/5,129,53,8,7,7,8
2015/1/6,105,62,9,7,7,6
2015/1/7,115,58,15,6,6,6
2015/1/8,125,49,9,5,7,5
2015/1/9,100,82,11,8,8,9
2015/1/10,154,90,10,7,8,9
2015/1/11,164,74,9,6,6,8
2015/1/12,154,78,9,6,8,9
2015/1/13,160,84,11,11,8,9
2015/1/14,161,83,12,8,7,10
2015/1/15,160,60,9,5,8,7
2015/1/16,121,76,9,6,10,8
2015/1/17,148,72,14,7,6,8
2015/1/18,146,59,7,6,6,7
2015/1/19,116,74,11,6,7,9
2015/1/20,151,63,10,5,7,7
2015/1/21,130,99,13,13,13,10
2015/1/22,164,133,9,11,8,11
2015/1/23,174,143,8,10,5,12
2015/1/24,182,109,9,7,8,10
2015/1/25,164,116,8,11,7,12
2015/1/26,166,101,14,8,6,11
2015/1/27,156,32,10,3,5,11
2015/1/28,70,41,9,4,5,12
2015/1/29,76,76,6,7,6,11
2015/1/30,126,69,8,4,6,9
2015/1/31,126,64,7,5,6,9
2015/2/1,122,79,7,6,6,11
2015/2/2,140,69,7,6,6,12
2015/2/3,128,50,10,2,6,9
2015/2/4,92,73,10,2,6,8
2015/2/5,128,,10,5,6,9
2015/2/6,134,62,15,4,6,10
2015/2/7,126,63,9,3,6,8
2015/2/8,122,106,8,8,7,11
2015/2/9,168,115,8,5,6,10
2015/2/10,174,79,11,4,5,9
2015/2/11,146,84,12,3,6,9
2015/2/12,152,82,12,2,5,9
2015/2/13,151,92,7,4,4,11
2015/2/14,160,83,7,1,5,9
2015/2/15,155,76,11,2,5,8
2015/2/16,133,70,13,2,4,8
2015/2/17,121,93,11,2,4,10
2015/2/18,155,88,11,2,5,9
2015/2/19,156,44,11,2,4,10
2015/2/20,85,47,9,2,4,10
2015/2/21,91,51,9,1,5,8
2015/2/22,91,37,10,2,5,8
2015/2/23,74,27,11,2,5,7
2015/2/24,67,32,7,2,4,7
2015/2/25,68,47,8,2,4,7
2015/2/26,84,57,5,4,4,9
2015/2/27,113,25,7,2,5,9
2015/2/28,54,50,9,1,5,7
2015/3/1,83,70,7,3,5,8
2015/3/2,128,73,9,2,5,7
2015/3/3,116,97,7,4,5,7
2015/3/4,138,43,9,2,4,7
2015/3/5,82,49,8,2,5,7
2015/3/6,90,96,6,4,5,9
2015/3/7,155,62,11,3,5,8
2015/3/8,114,54,11,5,4,8
2015/3/9,98,64,11,3,4,9
2015/3/10,128,58,10,2,4,8
2015/3/11,113,46,11,2,4,8
2015/3/12,96,76,13,3,7,25
2015/3/13,130,76,14,6,5,27
2015/3/14,141,93,12,9,6,31
2015/3/15,160,83,11,8,6,29
2015/3/16,153,54,14,6,6,28
2015/3/17,98,44,9,6,5,28
2015/3/18,82,41,10,7,6,28
2015/3/19,77,34,9,9,6,26
2015/3/20,66,47,14,9,7,26
2015/3/21,87,72,11,12,6,27
2015/3/22,124,51,9,8,5,26
2015/3/23,97,21,11,6,6,25
2015/3/24,79,48,12,9,7,26
2015/3/25,86,51,12,3,6,26
2015/3/26,91,53,10,5,5,27
2015/3/27,102,50,12,5,5,27
2015/3/28,95,39,13,4,6,27
2015/3/29,77,81,15,12,8,30
2015/3/30,138,81,13,8,5,29
2015/3/31,146,71,14,8,6,29
2014/12/9,168,40,14,11,9,4
2014/12/10,108,55,13,10,9,3
2014/12/11,108,75,15,11,10,3
2014/12/12,153,94,14,14,12,4
2014/12/13,170,111,13,18,13,6
2014/12/14,186,69,31,14,11,6
2014/12/15,156,52,15,8,9,3
2014/12/16,94,53,13,13,12,3
2014/12/17,98,73,12,19,11,5
2014/12/18,143,76,14,17,11,6
2014/12/19,158,107,13,21,13,10
2014/12/20,181,67,15,16,12,6
2014/12/21,149,78,11,24,15,8
2014/12/22,160,51,13,19,12,7
2014/12/23,108,60,9,25,11,8
2014/12/24,127,63,15,19,13,7
2014/12/25,142,60,18,14,10,9
2014/12/26,114,53,11,4,6,8
2014/12/27,93,29,10,6,7,5
2014/12/28,46,,,,,
2021/3/31,,9,26,7,,3
2021/1/31,,40,38,8,3,5
2021/1/3,,88,9,25,4,8
2020/3/31,,39,24,10,3,3
2019/12/31,,77,10,13,3,8
2018/12/31,,66,16,5,5,7
2018/1/1,,142,21,20,16,9
2017/11/15,,44,25,9,4,16
2017/11/16,,27,31,9,4,3
2017/12/30,,132,9,,13,7
2017/9/10,,39,51,8,6,3
2017/5/12,,117,17,30,6,5
2017/5/13,,53,43,8,7,4
2017/1/1,,69,32,13,5,7
2016/10/5,,30,26,10,5,4
2016/7/14,,22,79,8,9,9
2016/1/17,,77,6,9,3,120
2016/1/2,,104,23,19,3,25
2015/5/2,,57,14,6,7,3
2015/6/9,,62,37,5,3,10
2014/12/31,,101,8,12,6,12
2014/12/8,,84,12,17,9,6
2018/1/21,,,,14,,